Name,Type,Notes
TP Tactical Planning Components MODELs,Package,
NT Explicit Frame MODELs,Package,
ND Network Description MODELs,Package,"The Network Description Model describes the basic physical network and is divided into a number of separate submodels covering different aspects of the Network. For ease of understanding, the submodels are presented one at a time, each describing only a small set of related concepts."
FO Fixed Object MODELs ,Package,"
"
NT Flexible Network MODEL,Package,
NT Vehicle & Crew Point MODEL,Package,
NT Activation MODEL,Package,
NT Line MODEL,Package,
NT Network Infrastructure MODELs,Package,
NT Route MODEL,Package,
NT Line Network MODEL,Package,
ND Route Instruction MODEL,Package,
,Constraint,Exclusion
,Text,
,Note,"For FTS, a link can occur between
  * 2 points.
  * 2 zones (through centroid Points).
  * a point and a zone.
This is true for ROUTE LINK, TIMING LINK and SERVICE LINK."
FLEXIBLE POINT PROPERTIES,Class,Set of characteristics describing the possible flexibility of POINTs.
,Text,
FLEXIBLE LINK PROPERTIES,Class,Set of properties describing the flexible characteristics of a LINK.
FLEXIBLE LINE,Class,"Specialisation of LINE for flexible service.
NOTE1: As the service on a LINE may not all be flexible, flexibility itself is described at JOURNEY PATTERN level (meaning that a separate JOURNEY PATTERN is needed for each type of flexibility available for the line).
NOTE2: Types of flexible services include: Virtual line services; Flexible service with a main route; Corridor services; Fixed stop area-wide flexible services; Free area-wide flexible services; Mixed combinations of flexible services of different types; Mixed combinations of flexible and regular services."
FLEXIBLE ROUTE,Class,"Specialisation of ROUTE for flexible service.
NOTE: May include both point and zonal areas and ordered and unordered sections. "
,Text,
ACTIVATED EQUIPMENT,Class,An equipment activated by the passage of a vehicle at an ACTIVATION POINT or on an ACTIVATION LINK.
,Text,
ACTIVATION POINT,Class,"A POINT where a control process is activated when a vehicle passes it.
NOTE: EQUIPMENT may be needed for the activation. "
TYPE OF ACTIVATION,Class,A classification of real-time processes that are activated when vehicles pass an ACTIVATION POINT or an ACTIVATION LINK.
TRAFFIC CONTROL POINT,Class,"A POINT where the traffic flow can be influenced, e.g., traffic lights (lanterns), barriers."
ACTIVATION LINK,Class,A LINK where a control process is activated when a vehicle passes it.
TYPE OF TRAFFIC CONTROL POINT,Class,A classification of TRAFFIC CONTROL POINTs.
ACTIVATION ASSIGNMENT,Class,"An assignment of an ACTIVATION POINT or LINK to an ACTIVATED EQUIPMENT, related in its turn to a TRAFFIC CONTROL POINT.
NOTE: The considered ACTIVATION POINT or LINK will be used to influence the control process for that TRAFFIC CONTROL POINT (e.g., to fix priorities as regards the processing of competing requests from different ACTIVATION POINTs/LINKs)."
,Note,Exclusion
BEACON POINT,Class,A POINT where a beacon or similar device to support the automatic detection of vehicles passing by is located.
,Text,
RELIEF POINT,Class,"A TIMING POINT where a relief is possible, i.e., a driver may take on or hand over a vehicle.
NOTE: The vehicle may sometimes be left unattended even though it has passengers on board."
,Text,
GARAGE,Class,"A facility used for parking and maintaining vehicles.
NOTE1: PARKING POINTs in a GARAGE are called GARAGE POINTs.
NOTE2: Such a facility is often called a depot."
CREW BASE,Class,"A place where operating employees (e.g., drivers) report on and register their work."
PARKING POINT,Class,"A TIMING POINT where vehicles may stay unattended for a long time.
NOTE1: A vehicle's return to park at a PARKING POINT marks the end of a BLOCK.
NOTE2: Normally there are no passengers on board at a PARKING POINT.
"
GARAGE POINT,Class,A subtype of PARKING POINT located in a GARAGE.
,Text,
,Note,"Classifying instruction to direct user e.g.,
up / down / level, 
left / right,
backward /forward"
,Text,
ROUTE INSTRUCTION,Class,"A view providing Information for a human readable instruction as to how to follow a step on the ROUTE.
NOTE: Data may be derived from underlying route link and spatial PROJECTION of ROUTE LINK and ROUTE POINTs."
,Text,
ALLOWED LINE DIRECTION,Class,"An allowed DIRECTION that can be used on a given ROUTE.
NOTE: This can be used to validate the selection of allowed values."
LINE,Class,A group of ROUTEs which is generally known to the public by a similar name or number.
GROUP OF LINES,Class,A grouping of lines which will be commonly referenced for a specific purpose.
DESTINATION DISPLAY VARIANT,Class,"An advertised destination of a specific JOURNEY PATTERN, usually displayed on a headsign or at other on-board locations."
NETWORK,Class,A named grouping of LINEs under which a transport network is known. 
TYPE OF LINE,Class,A classification for LINEs.
DESTINATION DISPLAY,Class,"An advertised destination of a specific JOURNEY PATTERN, usually displayed on a headsign or at other on-board locations."
VIA,Class,A secondary heading relevant for a certain part of the JOURNEY PATTERN advertising an onward intermediate destination to supplement the advertised (final) destination of DESTINATION DISPLAY.
,Text,
,Text,
,Text,
TYPE OF VIA,Class,"A classification for VIAs, e.g. as a specific stop point, as a place name, as a general phrase. "
NT Infrastructure Network MODEL,Package,
NT Network Restriction MODEL,Package,
WIRE JUNCTION,Class,A type of INFRASTRUCTURE POINT used to describe a wire network.
WIRE ELEMENT,Class,A type of INFRASTRUCTURE LINK used to describe a wire network.
INFRASTRUCTURE POINT,Class,"A specialisation of POINT representing a junction point in the physical network (e.g., RAILWAY JUNCTION, ROAD JUNCTION, etc.)."
INFRASTRUCTURE LINK,Class,"A specialisation of LINK representing a link between two points in the physical network (e.g., RAILWAY ELEMENT, ROAD ELEMENT, etc.).
"
ROAD JUNCTION,Class,A type of INFRASTRUCTURE POINT used to describe a road network.
,Text,
RAILWAY ELEMENT,Class,A type of INFRASTRUCTURE LINK used to describe a railway network.
ROAD ELEMENT,Class,A type of INFRASTRUCTURE LINK used to describe a road network.
RAILWAY JUNCTION,Class,A type of INFRASTRUCTURE POINT used to describe a railway network.
,Text,
IMPOSSIBLE MANOEUVRE,Class,"A specification of an impossible move for a certain type of vehicle; it specifies from which INFRASTRUCTURE LINK to which other (adjacent) INFRASTRUCTURE LINK a certain VEHICLE TYPE cannot proceed, due to physical restrictions."
,Constraint,exclusion
VEHICLE TYPE AT POINT,Class,"The number of vehicles of a specified VEHICLE TYPE which may wait at a specified POINT at any one time.
NOTE: If the capacity is 0, then that type of vehicle may not stop there."
MEETING RESTRICTION,Class,A pair of INFRASTRUCTURE LINKs where vehicles of specified VEHICLE TYPEs are not allowed to meet.
,Text,
OVERTAKING POSSIBILITY,Class,NETWORK RESTRICTION specifying a POINT or a LINK where vehicles of specified VEHICLE TYPEs are or are not allowed to overtake each other.
,Text,
ROUTE POINT,Class,A POINT used to define the shape of a ROUTE through the network.
ROUTE,Class,"An ordered list of located POINTs defining one single path through the road (or rail) network.
NOTE: A ROUTE may pass through the same POINT more than once."
ROUTE LINK,Class,An oriented link between two ROUTE POINTs allowing the definition of a unique path through the network.
POINT ON ROUTE,Class,A ROUTE POINT used to define a ROUTE with its order on that ROUTE.
TURN STATION,Class,"A place (often a terminus) where a vehicle can reverse its direction (from a ROUTE to another of opposite DIRECTION).
"
,Text,
DIRECTION,Class,A classification for the general orientation of ROUTEs.
MODE RESTRICTION ASSESSMENT,Class,Qualification of a ROUTE LINK resulting from the analysis of restrictions concerning the related INFRASTRUCTURE LINKs.
,Text,
,Text,
POINT ON LINE SECTION,Class,Association of a POINT with a COMMON SECTION.
TYPE OF LINE SECTION POINT,Class,"A classification of a POINT ON LINE SECTION to indicate how it should be presented, for example as a main station, optional stop, etc."
,Text,
,Note,"A LINE NETWORK allows the network topology to be assembled as a list of linked sections, which altogether make up a graph. It can be used for example to underpin an interactive map. "
LINE NETWORK,Class,"The topological structure of a NETWORK as a graph of LINE SECTIONs.
NOTE: This allows the branches and loops of a LINE or LINEs to be described as a whole."
,Text,
LINE SECTION,Class,A section of a LINE NETWORK comprising one or more POINTS or LINKS connecting two end points.
,Constraint,Exclusion
,Text,
,Note,"A LINE NETWORK allows the network topology to be assembled as a list of linked sections, which altogether make up aa graph. It can be used for example to underpin an interactive map. "
,Note,"A LINE NETWORK allows the network topology to be described as a mesh of LINE SECTIONS.
A LINK SEQUENCE, can be considered as a sequence of POINTs ON SECTION. A LINE SECTION is a specialisation of LINK SEQUENCE and can similarly be considered as a as a sequence of POINTs ON LINE SECTION.

Additionally a LINE SECTION can specify a set of points in the reverse direction (to cover the case where the points differ in different directions). 
If two LINE SECTIONs reference the same point, they are deemed to be connected at that point.

A POINT ON LINE SECTION may be annotated to indicate it should be presented with particular features, for example as a main station, accessible, etc."
,Note,"A LINE NETWORK allows the network topology to be assembled as a list of linked sections, which altogether make up aa graph. It can be used for example to underpin an interactive map. "
,Text,
FO Parking MODEL,Package,
FO Site MODEL,Package,
FO Vehicle Stopping MODEL,Package,
FO Stop Place MODEL,Package,
FO Point Of Interest MODEL,Package,
FO Equipment Description MODELs,Package,
FO Flexible Stop Place MODEL,Package,
FO Taxi Place MODEL,Package,
FO Site Path MODEL,Package,
FO Vehicle Recharging Point Assignment MODEL,Package,
,Text,
FO Site Navigation MODEL,Package,
,Text,
PATH LINK,Class,"A path within a SITE connecting between any two SITE COMPONENTs (e.g., a STOP PLACE ENTRANCE, ACCESS SPACE, QUAY, BOARDING POSITIONs, etc.), or PATH JUNCTIONs.
NOTE: Each link represents a step in a possible route for pedestrians, cyclists or other out-of-vehicle passengers within or between two places."
,Text,
,Text,
,Text,
,Text,
,Text,
SITE PATH LINK END,Class,"Beginning or end for a SITE PATH LINK, associated with a given SITE ELEMENT, PATH JUNCTION or DECK COMPONENT; may also be linked to a specific LEVEL of a SITE.
"
PATH JUNCTION,Class,"A designated point, inside or outside of a STOP PLACE or POINT OF INTEREST, at which two or more PATH LINKs may connect or branch."
,Note,Also alias as SITE PATH JUNCTION.
,Note,Also alias as SITE PATH LINK
,Note,Also alias as SITE NAVIGATION PATH. 
,Text,
,Note,"NAVIGATION PATH, PATH LINK and PATH LINK JUNCTION can also be used to connect PLACES and POINTs that are not part of a SITE. In this case 
"
,Text,
SITE COMPONENT,Class,"An element of a SITE describing a part of its structure.
NOTE: SITE COMPONENTs share common properties for data management, accessibility and other features."
ENTRANCE,Class,"A physical entrance or exit to/from a SITE; may be a door, barrier, gate or other recognizable point of access.

"
ACCESS ZONE,Class,A ZONE for which the duration needed to reach a particular STOP POINT is considered to be the same.
VEHICLE ENTRANCE,Class,"A physical entrance or exit to/from a SITE for a VEHICLE.
NOTE: May be a door, barrier, gate or other recognizable point of vehicle access."
SITE,Class,A well known PLACE to which passengers may refer to indicate the origin or a destination of a trip. 
LEVEL,Class,"An identified storey (ground, first, basement, mezzanine, etc.) within an interchange building or SITE on which SITE COMPONENTs reside.
NOTE: A PATH LINK may connect components on different levels.

"
,Text,
SERVICE SITE,Class,"A sub-type of SITE which is of specific interest for the operator (e.g., where a joint service or a joint fee is proposed), other than a STOP PLACE."
,Text,
SITE ELEMENT,Class,"A specialisation of ADDRESSABLE PLACE describing common properties of a SITE or a SITE COMPONENT, including accessibility."
,Text,
,Text,
SITE STRUCTURE,Class,"A building or a separate part thereof within a SITE.

"
LEVEL IN STRUCTURE,Class,"<font color=""#445469"">A LEVEL, i.e., storey in a building, that is accessible in a SITE STRUCTURE with its relative lateral order in that SITE STRUCTURE counted from the bottom and upwards.</font>

"
GROUP OF SITES,Class,"A grouping of SITEs for a particular functional purpose, usually the SITEs will be non-contiguous, such as the airports for a CITY."
,Text,
TYPE OF ENTRANCE,Class,"A classification for ENTRANCE for example as an opening, door, barrier etc."
STOP PLACE,Class,"A place comprising one or more locations where vehicles may stop and where passengers may board or leave vehicles or prepare their trip.
NOTE: A STOP PLACE will usually have one or more well-known names. "
,Text,
QUAY,Class,"A place such as platform, stance, or quay side where passengers have access to PT vehicles, Taxis, cars or other means of transportation.
NOTE1: A QUAY may serve one or more VEHICLE STOPPING PLACEs and be associated with one or more SCHEDULED STOP POINTS.
NOTE2: A QUAY may contain other sub QUAYs.
NOTE3: A child QUAY must be physically contained within its parent QUAY. 
"
TYPE OF STOP PLACE,Class,"A classification for STOP PLACEs (e.g., complex, simple, multimodal, etc.)."
STOP PLACE SPACE,Class,"A physical area within a STOP PLACE, for example, a QUAY, BOARDING POSITION, ACCESS SPACE or EQUIPMENT PLACE. "
STOP PLACE ENTRANCE,Class,"A physical entrance or exit to/from a STOP PLACE for a Passenger; may be a door, barrier, gate or other recognizable point of access. "
BOARDING POSITION,Class,"A location within a QUAY from which passengers may directly board, or onto which passengers may directly alight from a VEHICLE."
STOP PLACE VEHICLE ENTRANCE`,Class,A physical entrance or exit to/from a STOP PLACE for a vehicle.
STOP PLACE COMPONENT,Class,"An element of a STOP PLACE describing part of its structure.
NOTE: STOP PLACE COMPONENTs share common properties for data management, accessibility and other features. "
,Text,
TYPE OF QUAY,Class,A classification for QUAYs.
TYPE OF BOARDING POSITION,Class,A classification for BOARDING POSITIONs.
ACCESS SPACE,Class,"A passenger area within a STOP PLACE such as a concourse or booking hall, immigration hall or security area that is accessible by passengers, but without a direct access to vehicles.
NOTE: Direct access to a VEHICLE is always from a QUAY and/or BOARDING POSITION."
TYPE OF PASSAGE,Class,"A classification for spaces to express how the space can be used as a passage (e.g., as pathway, corridor, overpass, underpass, tunnel, etc.)."
,Text,
TYPE OF ACCESS SPACE,Class,"A classification for ACCESS SPACE, e.g. forecourt ticket hall, shop, etc."
FLEXIBLE QUAY,Class,A physical ZONE such as a section of a road where a flexible service is available on demand.
HAIL AND RIDE AREA,Class,Specialisation of a FLEXIBLE QUAY defining a physical section of road between a start and end point within which a Hail and Ride service is available.
FLEXIBLE STOP ASSIGNMENT,Class,"The allocation of a SCHEDULED STOP POINT (i.e., a STOP POINT of a SERVICE PATTERN or JOURNEY PATTERN) to a specific FLEXIBLE STOP PLACE, and also possibly a FLEXIBLE AREA or HAIL AND RIDE AREA.
NOTE: May be subject to a VALIDITY CONDITION."
FLEXIBLE STOP PLACE,Class,"A specialisation of the STOP PLACE describing a stop of a FLEXIBLE SERVICE.
NOTE1: It may be composed of FLEXIBLE AREAs or HAIL AND RIDE AREAs identifying the catchment areas for flexible services (when they use areas or flexible quays).
NOTE2: Some FLEXIBLE SERVICEs also use regular STOP PLACEs for their stops."
,Text,
FLEXIBLE AREA,Class,Specialisation of a FLEXIBLE QUAY (which is abstract) to identify what is the catchment area for a flexible service (so that a stop finder can find the nearest available types of transport). 
,Text,
,Text,
POINT OF INTEREST CLASSIFICATION HIERARCHY,Class,"A logical hierarchy for organizing POINT OF INTEREST CLASSIFICATIONs.
NOTE: A POINT OF INTEREST CLASSIFICATION can belong to more than one hierarchy."
POINT OF INTEREST ENTRANCE,Class,Specialisation of ENTRANCE to enter/exit a POINT OF INTEREST. 
TYPE OF POINT OF INTEREST SPACE,Class,A classification for POINT OF INTEREST SPACEs.
POINT OF INTEREST COMPONENT,Class,Specialisation of SITE COMPONENT for COMPONENT of POINT OF INTEREST.
POINT OF INTEREST CLASSIFICATION,Class,"A classification of a POINT OF INTEREST that may be used in a POINT OF INTEREST CLASSIFICATION HIERARCHY to categorise the point by nature of interest using a systematic taxonomy, for example Museum, Football, Stadium, etc."
POINT OF INTEREST VEHICLE ENTRANCE,Class,A physical entrance for VEHICLEs to enter or exit a POINT OF INTEREST.
POINT OF INTEREST SPACE,Class,"A specialisation of POINT OF INTEREST COMPONENT representing a physical area within the POINT OF INTEREST, such as a concourse."
POINT OF INTEREST,Class,A type of PLACE to or through which passengers may wish to navigate as part of their journey and which is modelled in detail by journey planners.
POINT OF INTEREST CLASSIFICATION MEMBER,Class,"The POINT OF INTEREST CLASSIFICATION and POINT OF INTEREST CLASSIFICATION MEMBER are used to encode a hierarchy of classifications to index and find different types of POINT OF INTEREST; for example, <i>Educational Building -&gt; School -&gt; Primary School</i>, or <i>Cultural</i>
<i>Attraction -&gt; Museum -&gt; Art Museum</i>.
NOTE: POINT OF INTEREST CLASSIFICATION MEMBERSHIP does not have to be disjoint, i.e., the same category may appear in more than one classification."
,Text,
FO Local Service MODEL ,Package,
FO Local Commercial Service MODEL,Package,
FO PassengerEquipment MODELs,Package,
FO Site Access Equipment MODELs,Package,
FO Parking Equipment MODEL,Package,
FO Assistance Booking Service MODEL ,Package,
,Text,
,Text,
FO Place Equipment Location MODEL,Package,
,Note,PASSENGER EQUIPMENT is either fixed or on-board
EQUIPMENT PLACE,Class,A SITE COMPONENT containing EQUIPMENT.
,Note,PLACE EQUIPMENT is fixed
,Text,
EQUIPMENT POSITION,Class,The precise position within an EQUIPMENT PLACE where particular equipment is placed. 
,Note,PASSENGER EQUIPMENT is either fixed or on-board
,Text,
,Note,PLACE EQUIPMENT is fixed
,Text,
FO Passenger Service Equipment MODEL,Package,
FO Site Equipment MODEL,Package,
FO Ticketing Equipment MODEL,Package,
TROLLEY STAND EQUIPMENT,Class,Specialisation of STOP PLACE EQUIPMENT describing trolley stands.
SITE EQUIPMENT,Class,"Specialisation of PLACE EQUIPMENT describing common properties of EQUIPMENT for SITEs (e.g., for LUGGAGE LOCKER, WAITING EQUIPMENT, TROLLEY STAND, etc.),"
SEATING EQUIPMENT,Class,Specialisation of WAITING EQUIPMENT describing the properties of seating
WAITING ROOM EQUIPMENT,Class,"Specialisation of WAITING EQUIPMENT describing waiting rooms (number of seats, type, FACILITIEs, etc.)."
WAITING EQUIPMENT,Class,"Specialisation of SITE EQUIPMENT describing common features of waiting areas (shelter, waiting room, etc.). 
"
TYPE OF WAITING ROOM,Class,A classification for WAITING ROOM EQUIPMENT.
TYPE OF SHELTER,Class,A classification for SHELTER EQUIPMENT. 
LUGGAGE LOCKER EQUIPMENT,Class,Specialisation of SITE EQUIPMENT describing luggage lockers.
SHELTER EQUIPMENT,Class,Specialisation of WAITING EQUIPMENT describing a shelter.
TYPE OF SEATING EQUIPMENT,Class,A classification for SEATING EQUIPMENT.
TYPE OF LUGGAGE LOCKER,Class,"A classification for LUGGAGE LOCKER EQUIPMENT (e.g., left luggage, lockers, bike carriage, porterage, free trolleys, paid trolleys)."
,Text,
HELP POINT EQUIPMENT,Class,Specialisation of PASSENGER EQUIPMENT describing a HELP POINT.
PASSENGER BEACON EQUIPMENT,Class,Specialisation of PASSENGER EQUIPMENT describing a beacon to assist disabled passengers.
TYPE OF PASSENGER BEACON,Class,A classification for a PASSENGER BEACON.
PASSENGER BEACON PROTOCOL,Class,"A classification of the device communication protocol used for a PASSENGER BEACON EQUIPMENT (iBEAcon, VDV431, EDDYSTONE, etc.)."
,Text,
RUBBISH DISPOSAL,Class,"Specialisation of EQUIPMENT describing rubbish disposal features, (permitted rubbish types, etc.)"
PASSENGER SAFETY EQUIPMENT,Class,Specialisation of PASSENGER EQUIPMENT describing passenger safety features of a SITE.
SANITARY EQUIPMENT,Class,"Specialisation of PASSENGER EQUIPMENT describing sanitary facilities (WC, shower, etc.)."
TYPE OF SANITARY FACILITY,Class,"A classification for SANITARY EQUIPMENT (e.g., toilet, wheelchair access toilet, shower, baby change, wheelchair baby change)"
,Text,
TICKET VALIDATOR EQUIPMENT,Class,Specialisation of PASSENGER EQUIPMENT (PLACE EQUIPMENT) describing ticket validators.
TICKETING EQUIPMENT,Class,Specialization of PASSENGER EQUIPMENT for ticketing.
,Text,
,Text,
METHOD OF QUEUE MANAGEMENT,Class,"A classification of method used to manage a queue, e.g., rails, parallel rails, ticket, appointment, etc."
FO Access Equipment MODEL,Package,
FO Sign Equipment MODEL,Package,
FO Stair Equipment MODEL,Package,
,Text,
TYPE OF LIGHTING,Class,"A classification of a PLACE LIGHTING as well-lit, poorly lit, etc."
LIGHTING ON METHOD,Class,A classification of methods for turning lights on and off.
TYPE OF CROSSING,Class,A classification for road CROSSING EQUIPMENT.
ENTRANCE ATTENTION METHOD,Class,A classification of method used to invoke opening of ENTRANCE EQUIPMENT.
ENTRANCE EQUIPMENT,Class,"Specialisation of ACCESS EQUIPMENT describing an equipment for an ENTRANCE (door, barrier, revolving door, etc.). "
CROSSING EQUIPMENT,Class,"Specialisation of ACCESS EQUIPMENT describing a road crossing for pedestrians (zebra, pedestrian lights, acoustic device sensors, tactile guide strips, etc.). 
"
ROUGH SURFACE,Class,"Specialisation of ACCESS EQUIPMENT for rough surfaces, giving properties of surface texture, mainly for impaired person information. "
,Text,
ACCESS EQUIPMENT,Class,"Specialisation of PLACE EQUIPMENT describing common properties of equipment with which to access a SITE (e.g., lifts, entrances, stairs, ramps, etc.).

"
QUEUING EQUIPMENT,Class,"Specialisation of ACCESS EQUIPMENT describing queuing equipment or features.
"
PLACE LIGHTING,Class,"Specialisation of PLACE EQUIPMENT describing the lighting (e.g., always on, etc.).
"
RAMP EQUIPMENT,Class,"Specialisation of ACCESS EQUIPMENT describing a ramp (provides ramp characteristics like length, gradient, etc.)."
TYPE OF SURFACE,Class,A classification for ROUGH SURFACE types.
,Text,
LIFT EQUIPMENT,Class,"Specialisation of ACCESS EQUIPMENT describing a lift (depth, maximum load, etc.).
"
TRAVELATOR EQUIPMENT,Class,"Specialisation of ACCESS EQUIPMENT describing a travelator (provides attributes such as speed, energy saving, etc.). "
TYPE OF HANDRAIL,Class,"A classification of a handrail (one side, both sides, continuous, etc.)."
ESCALATOR EQUIPMENT,Class,Specialisation of STAIR EQUIPMENT describing an ESCALATOR.
STAIRCASE EQUIPMENT,Class,"Specialisation of STAIR EQUIPMENT describing a staircase.
"
STAIR EQUIPMENT,Class,"Specialisation of ACCESS EQUIPMENT describing a stepped feature (stair, escalator, staircase, etc.)"
LIFT CALL EQUIPMENT,Class,"Specialisation of PLACE ACCESS EQUIPMENT describing means of calling a lift (button height, buttons, etc.)."
,Text,
,Text,
SIGN EQUIPMENT,Class,"Specialisation of PLACE EQUIPMENT describing common properties of a sign (heading signs, etc.)."
GENERAL SIGN,Class,"Specialisation of SIGN EQUIPMENT describing a sign which is neither a HEADING SIGN nor a PLACE SIGN.

"
HEADING SIGN,Class,"Specialisation of SIGN EQUIPMENT describing a sign showing a heading; provides information such as DIRECTION name, LINE name, line number etc.
"
PLACE SIGN,Class,Specialisation of SIGN EQUIPMENT describing a sign that shows the name of a STOP PLACE.
,Text,
AVAILABILITY OF ASSISTANCE,Class,"Summary indication of when assistance is available, e.g., always, never, staff hours only, peak times, etc. 
"
LOCAL SERVICE,Class,"A named service relating to the use of the SITE or transport services at a particular location, for example porterage, assistance for disabled users, booking offices, etc.
NOTE1: The service may have a VALIDITY CONDITION associated with it.
NOTE2: A LOCAL SERVICE is treated as a form of non-material EQUIPMENT."
ASSISTANCE SERVICE,Class,"Specialisation of LOCAL SERVICE describing assistance services, providing information such as language, accessibility trained staff, etc."
TYPE OF EMERGENCY SERVICE,Class,"A classification of emergency services (e.g., police, first aid, SOS point, CCTV, etc.)."
,Text,
CUSTOMER SERVICE,Class,"Specialisation of LOCAL SERVICE describing common properties of customer services, (e.g., lost property service, meeting point, complaints service, etc.)."
LOST PROPERTY SERVICE,Class,Specialisation of CUSTOMER SERVICE of describing lost property services
TYPE OF LOCAL SERVICE,Class,A generic (abstract) classification of LOCAL SERVICEs.
LEFT LUGGAGE SERVICE,Class,"Specialisation of LOCAL SERVICE describing left luggage amenities; provides information such as self-service locker, left luggage office,, etc."
LUGGAGE SERVICE,Class,"Specialisation of LOCAL SERVICE describing luggage carrying services (e.g., luggage trolley, free to use, etc.)."
TICKETING SERVICE,Class,"Specialization of LOCAL SERVICE describing ticketing services, such as a ticket counter, online purchase, etc.; also associated with payment method and TYPE OF TICKET."
TYPE OF ACCESSIBILITY TOOLS,Class,"A classification of ACCESSIBILITY TOOLS used by or available from ASSISTANCE SERVICE (e.g., wheelchair, walking stick, audio navigator, visual navigator, etc.)"
MEETING POINT SERVICE,Class,"Specialisation of CUSTOMER SERVICE describing a meeting point (provides characteristics such as description, label, etc.)."
COMPLAINTS SERVICE,Class,Specialisation of CUSTOMER SERVICE describing complaint services.
TYPE OF ASSISTANCE SERVICE,Class,"A classification of an ASSISTANCE SERVICE (e.g., boarding assistance, onboard assistance, porterage, foreign language, sign language translation, etc.)."
TYPE OF STAFFING,Class,"A classification for the availability of the STAFF associated with an ASSISTANCE SERVICE (e.g., full time, part time)"
,Text,
MONEY SERVICE,Class,"Specialisation of LOCAL SERVICE describing available money services (e.g., bureau de change, ATM, etc.)."
TYPE OF CATERING SERVICE,Class,"A classification of CATERING SERVICE (e.g., beverage vending machine, buffet, food vending machine, restaurant, snacks, trolley service, no beverages available, no food available)."
,Text,
TYPE OF RETAIL SERVICE,Class,"A classification of RETAIL SERVICE (e.g., food, newspaper tobacco, health hygiene beauty, fashion accessories, bank finance insurance, tourism, photo booth)"
TYPE OF COMMUNICATION SERVICE,Class,"A classification of COMMUNICATION SERVICE (e.g., free wifi, public wifi, phone, mobile coverage, internet, video entertainment, audio entertainment, post box, post office, business services)."
CATERING SERVICE,Class,"Specialisation of LOCAL SERVICE describing available catering services.
"
COMMUNICATION SERVICE,Class,Specialisation of LOCAL SERVICE describing available communication services.
TYPE OF MONEY SERVICE,Class,"A classification of MONEY SERVICE (e.g., as cash machine, bank, insurance, bureau de change),"
TYPE OF HIRE SERVICE,Class,"A classification of HIRE SERVICEs (e.g., as car hire, motorcycle hire, cycle hire, recreational device hire)."
RETAIL SERVICE,Class,Specialisation of LOCAL SERVICE describing available retail services.
HIRE SERVICE,Class,"Specialisation of LOCAL SERVICE describing the types of available hire services (e.g., cycle hire, car hire)."
,Text,
CYCLE STORAGE EQUIPMENT,Class,A specialisation of PLACE EQUIPMENT describing cycle parking equipment. 
,Text,
TYPE OF CYCLE STORAGE EQUIPMENT,Class,"A classification of CYCLE STORAGE EQUIPMENT (e.g., racks, bars, railings, etc.)"
VEHICLE RELEASE EQUIPMENT,Class,A specialisation of INSTALLED EQUIPMENT describing equipment for releasing a vehicle from a lock so it can be used.
,Text,
,Text,
ASSISTANCE BOOKING SERVICE,Class,A specialisation of LOCAL SERVICE providing information about how to book assistance for wheelchair and disabled users.
,Text,
TYPE OF PARKING USER,Class,"A classification of a type of parking user, e.g., disabled, season ticket holder, anonymous, etc."
PARKING COMPONENT,Class,"Generic COMPONENT of a PARKING (e.g., PARKING AREA or PARKING BAY)"
,Text,
PARKING,Class,"Designated locations for leaving vehicles such as cars, motorcycles and bicycles."
,Text,
PARKING ENTRANCE FOR VEHICLES,Class,An entrance for vehicles to the PARKING from the road.
PARKING PASSENGER ENTRANCE,Class,"A pedestrian, wheelchair or other out-of-vehicle-mode entrance to the PARKING."
PARKING BAY,Class,A place to park an individual vehicle.
PARKING CAPACITY,Class,PARKING properties providing information about its CAPACITY.
PARKING PROPERTIES,Class,PARKING specific properties other than its capacity.
PARKING AREA,Class,A marked zone within a PARKING containing PARKING BAYs.
PARKING COMPONENT PROPERTIES,Class,"<font color=""#0f0f0f"">A set of public facing characteristics of a PARKING COMPONENT facilitating the recognition of the component by a traveller.</font>
"
TYPE OF PARKING,Class,"A classification for a PARKING, e.g., on street, multi-storey, parking lot, etc.
"
TYPE OF PARKING STAY,Class,"A classification of the type of parking stay, e.g., long term, short term; may be used to choose pricing criteria.
"
PARKING ACCESS SPACE,Class,An area for pedestrian access within a PARKING.
,Text,
TYPE OF PARKING PAYMENT PROCESS,Class,"A classification of a type of parking payment process, pay at display, pay by mobile, pay at exit,Â Â 
"
TYPE OF PARKING RESERVATION,Class,"A classification of a type of parking reservation process for the PARKING, e.g. no reservations, reservations required, reservations possible, etc."
,Text,
,Text,
PARKING PRIORITY CATEGORY,Class,"Characterisation of the priority to park according to some policy rules, e.g. handicapped users during shopping hours, staff, etc
"
,Text,
VEHICLE QUAY ALIGNMENT,Class,The alignment of a particular QUAY with a vehicle as the result of positioning a VEHICLE at a particular VEHICLE STOPPING PLACE.
VEHICLE STOPPING PLACE,Class,"A place on the vehicle track where vehicles stop in order for passengers to board or alight from a vehicle.
NOTE1: A vehicle track is located on the respective INFRASTRUCTURE LINK for the MODE (RAILWAY ELEMENT of rail network, ROAD ELEMENT of road network, etc.).
NOTE2: A VEHICLE STOPPING PLACE may be served by one or more QUAYs."
VEHICLE POSITION ALIGNMENT,Class,The alignment of a particular BOARDING POSITION with the entrance of a VEHICLE as the result of positioning the VEHICLE at a particular VEHICLE STOPPING PLACE.
VEHICLE STOPPING POSITION,Class,"The stopping position of a vehicle or one of its components as a Location.
NOTE1: May be specified as a ZONE corresponding to the bounding polygon of the vehicle, or one or more POINTs corresponding to parts of the vehicle such as a door.
NOTE2: If given as a single point, indicates the position for the door relative to an indicated side of the vehicle."
TYPE OF RELATION TO VEHICLE,Class,"A classification of the way a VEHICLE STOPPING POSITION is used (e.g., front left, front right, back left, back right, driver left, driver right)."
,Note,"Relative position of stopping position to vehicle, e.g., vehicle front left, vehicle front right, vehicle back left, vehicle back right, driver left, driver right, etc."
,Text,
TAXI PARKING AREA,Class,A specific area where any taxi is able to safely park for a long period.
TAXI STAND,Class,A set of spots where any taxi is able to safely stop for a short period of time to load passengers.
TAXI RANK,Class,"A STOP PLACE specifically for taxis, comprising one or more TAXI STANDs."
,Text,
,Text,
,Note,"For public transport vehicles operated using the CONVENTIONAL MODE OF OPERATION, assigns a POINT (usually a PARKING POINT) that may appear in the TIMING PATTERN of a VEHICLE JOURNEY to a PLACE such as a PARKING BAY that has VEHICLE CHARGING EQUIPMENT. The exact location of the EQUIPMENT within the bay can be given by an EQUIPMENT PLACE.
"
,Text,
RECHARGING POINT ASSIGNMENT,Class,"The allocation of a TIMING POINT to a SITE COMPONENT such as a PARKING BAY that has VEHICLE CHARGING EQUIPMENT.
"
,Note,"For other MODES OF OPERATION that do not need to integrate charging points into a plan, "
,Note,Whether there is VEHICLE CHARGING EQUIPMENT at a SITE COMPONENT such as a PARKING BAY is given simply by an EQUIPMENT PLACE that references it.
,Note,Whether there is VEHICLE CHARGING EQUIPMENT at a SITE COMPONENT such as a PARKING BAY is given simply by an EQUIPMENT PLACE that references it.
,Note,"For public transport vehicles operated using the CONVENTIONAL MODE OF OPERATION, assigns a POINT (usually a PARKING POINT) that may appear in the TIMING PATTERN of a VEHICLE JOURNEY to a PLACE such as a PARKING BAY that has VEHICLE CHARGING EQUIPMENT. The exact location of the EQUIPMENT within the bay can be given by an EQUIPMENT PLACE.
"
,Text,
RECHARGING BAY,Class,A PARKING BAY specifically equipped for recharging VEHICLEs.
RECHARGING STATION,Class,A PARKING with bays specifically equipped for recharging VEHICLEs.
,Text,
,Text,
,Text,
NAVIGATION PATH,Class,"A designated path between two SITES or SITE COMPONENTs.
"
,Note,Also alias as SITE PATH LINK
,Note,Also alias as SITE NAVIGATION PATH.
,Text,
,Text,
TP Common Section MODEL,Package,
TP Service Pattern MODEL,Package,
TP Time Demand Type MODEL,Package,
TP Stop Assignment MODEL,Package,
TP Service Connection MODEL,Package,
TP Timing Pattern MODEL,Package,
TP Routing Constraint MODEL,Package,
TP Passenger Information Display Assignment MODEL,Package,
TP Journey Pattern MODEL,Package,
TP Navigation Path Assignment MODEL,Package,
ProxyConnector,ProxyConnector,
ProxyConnector,ProxyConnector,
TYPE OF JOURNEY PATTERN,Class,A classification of JOURNEY PATTERNs used to distinguish categories of JOURNEY PATTERN other than SERVICE JOURNEY PATTERN and DEAD RUN PATTERN.
POINT IN JOURNEY PATTERN,Class,A SCHEDULED STOP POINT or TIMING POINT in a JOURNEY PATTERN with its order in that JOURNEY PATTERN.
,Constraint,exclusion
JOURNEY PATTERN,Class,"An ordered list of SCHEDULED STOP POINTs and TIMING POINTs on a single ROUTE, describing the pattern of working for public transport vehicles.
NOTE1: A JOURNEY PATTERN may pass through the same POINT more than once.
NOTE2: The first point of a JOURNEY PATTERN is the origin; the last point is the destination."
DEAD RUN PATTERN,Class,A JOURNEY PATTERN to be used for DEAD RUNs.
,Text,
TIMING POINT IN JOURNEY PATTERN,Class,A POINT in a JOURNEY PATTERN which is a TIMING POINT.
,Text,
,Text,
TIMING LINK IN JOURNEY PATTERN,Class,"The position of a TIMING LINK in a JOURNEY PATTERN.
NOTE: This entity is needed if a TIMING LINK is repeated in the same JOURNEY PATTERN, and separate information is to be stored about each iteration of the TIMING LINK."
,Text,
,Text,
,Text,
TIMING POINT,Class,A POINT against which the timing information necessary to build schedules may be recorded.
GROUP OF TIMING LINKS,Class,"A set of TIMING LINKs grouped together according to the similarity of TIME BANDs which are relevant to them.
NOTE: There may be a GROUP OF TIMING LINKS which covers all TIMING LINKs, for use when different GROUPs OF TIMING LINKS are not needed."
TIMING LINK,Class,An ordered pair of TIMING POINTs for which run times may be recorded.
TIMING PATTERN,Class,The subset of a JOURNEY PATTERN made up only of TIMING POINTs IN JOURNEY PATTERN.
,Text,
,Text,
DEFAULT CONNECTION,Class,"The physical (spatial) possibility for a passenger to change from one public transport vehicle to another to continue the trip. 
NOTE1: It specifies default times to be used to change from one mode of transport to another at an area or national level as specified by a TOPOGRAPHIC PLACE, STOP AREA or SITE ELEMENT. 
NOTE2: It may be further restricted to a specific MODE or OPERATOR or only apply in a particular direction of transfer, e.g., bus to rail may have a different time for rail to bus. "
DEFAULT CONNECTION END,Class,One end of a DEFAULT CONNECTION.
,Text,
SITE CONNECTION END,Class,One end of a SITE CONNECTION.
SITE CONNECTION,Class,"The physical (spatial) possibility for a passenger to change from one public transport vehicle to another to continue the trip, determined by physical locations, such as SITEs and/or its components and/or ENTRANCEs, in particular STOP PLACEs and/or its components.
NOTE: Different times may be necessary to cover the resulting distance, depending on the kind of passenger."
,Text,
CONNECTION END,Class,One end of a CONNECTION.
SERVICE LINK,Class,A LINK between an ordered pair of SCHEDULED STOP POINTs.
SERVICE PATTERN,Class,The subset of a JOURNEY PATTERN made up only of STOP POINTs IN JOURNEY PATTERN.
SERVICE JOURNEY PATTERN,Class,The JOURNEY PATTERN for a (passenger carrying) SERVICE JOURNEY.
SCHEDULED STOP POINT,Class,A POINT where passengers can board or alight from vehicles.
CONNECTION,Class,"The physical (spatial) possibility for a passenger to change from one public transport vehicle to another to continue the trip, determined by a pair of points which may be either SCHEDULED STOP POINTs or VEHICLE MEETING POINTs.
NOTE: Different times may be necessary to cover the link between these points, depending on the kind of passenger. "
,Text,
STOP AREA,Class,A group of SCHEDULED STOP POINTs close to each other.
TYPE OF STOP POINT,Class,"A classification of SCHEDULED STOP POINTs, used for instance to characterise the equipment to be installed at stops (post, shelter, seats, etc.)."
STOP POINT IN JOURNEY PATTERN,Class,A POINT in a JOURNEY PATTERN which is a SCHEDULED STOP POINT.
,Text,
,Note,"Renamed from TRAIN STOP ASSIGNMENT to PASSENGER BOARDING POSITION ASSIGNMENT.
"
,Text,
,Text,
COMMON SECTION,Class,"A part of a public transport network where the ROUTEs of several JOURNEY PATTERNs are going in parallel and where the synchronisation of SERVICE JOURNEYs may be planned and controlled with respect to commonly used LINKs and SCHEDULED STOP POINTs.
NOTE: COMMON SECTIONs are defined arbitrarily and need not cover the total lengths of topologically bundled sections."
,Text,
ROUTING CONSTRAINT ZONE,Class,"A ZONE specifying constraints on activity when a journey is routed through it.
NOTE: Examples of routing constraints are ""If you board in this ZONE, you can't alight in the same ZONE""; ""If you board in this ZONE, you can alight only if the journey has passed through at least one STOP outside of the ZONE""; ""Journey will go on only if there are passenger on board"", etc.
"
TRANSFER RESTRICTION,Class,"A constraint that can be applied on a CONNECTION or INTERCHANGE between two SCHEDULED STOP POINT, preventing or forbidding the passenger to use it."
,Text,
SERVICE EXCLUSION,Class,"A constraint on the use of a service; the service, on this specific JOURNEY PATTERN (usually a FTS JOURNEY PATTERN) cannot operate when another (regular) service operates.
NOTE: This may occur only on subpart of the JOURNEY PATTERN, or only on one or some specific SCHEDULED STOP POINTS within the pattern."
,Text,
TYPE OF TRANSFER RESTRICTION,Class,"Classification of TRANSFER RESTRICTION, for example, allowed, allowed at certain times, etc."
ALLOWED ZONE USE,Class,"Classification of allowed behaviour in zone, for example; cannot board in zone, must board in zone, cannot board and alight in same zone, etc. "
TIME DEMAND TYPE,Class,"An indicator of traffic conditions or other factors which may affect vehicle run or wait times.
NOTE: It may be entered directly by the scheduler or defined by the use of TIME BANDs."
TIME DEMAND TYPE ASSIGNMENT,Class,The assignment of a TIME DEMAND TYPE to a TIME BAND depending on the DAY TYPE and GROUP OF TIMING LINKS.
,Text,
,Text,
STOP ASSIGNMENT,Class,"The allocation of a SCHEDULED STOP POINT to a specific STOP PLACE, and also possibly a QUAY."
,Text,
PASSENGER STOP ASSIGNMENT,Class,"The default allocation of a SCHEDULED STOP POINT to a specific STOP PLACE, and also possibly a QUAY."
PASSENGER BOARDING POSITION ASSIGNMENT,Class,"The association of a SCHEDULED STOP POINT with a specific STOP PLACE and also possibly a QUAY and BOARDING POSITION; may be general for all types of vehicle at that stop, or specific to a VEHICLE TYPE such as a TRAIN, in which case a TRAIN COMPONENT may also be specified to indicate a specific carriage. "
,Text,
,Note,"In the basic case, e.g., for buses and simple VEHICLE TYPES a STOP ASSIGNMENT for an individual BOARDING POSITION may apply regardless of VEHICLE TYPE.

In VEHICLE TYPES such as trains, a STOP ASSIGNMENT for an individual BOARDING POSITION may be specific to the VEHICLE TYPE (i.e. TRAIN type) and TRAIN COMPONENT, so that boarding positions may be related to individual carriages. 

NOTE: A VEHICLE JOURNEY STOP ASSIGNMENT (See Part 3) can be used to make an assignment for a specific VEHICLE JOURNEY or DATED VEHICLE JOURNEY. A DECK ENTRANCE ASSIGNMENT can further relate the doors of specific carriages of the train to specific boarding position. "
NAVIGATION PATH ASSIGNMENT,Class,"The allocation of a NAVIGATION PATH to a specific STOP POINT ASSIGNMENT, for example to indicate the path to be taken to make a CONNECTION."
,Text,
PASSENGER INFORMATION EQUIPMENT,Class,"A public transport information piece of equipment, as for instance terminals (on street, at information desks, telematic, etc.) or printed material (leaflets displayed at stops, booklets, etc.)."
LOGICAL DISPLAY,Class,"A set of data that can be assembled for assignment to a physical PASSENGER INFORMATION EQUIPMENT or to a logical channel such as web or media; it is independent of any physical embodiment. 
NOTE: A LOGICAL DISPLAY may have a set of DISPLAY ASSIGNMENTS each of which associates a JOURNEY PATTERN whose journeys are to be shown at the LOGICAL DISPLAY, usually in the context of a specific SCHEDULED STOP POINT. "
TYPE OF PASSENGER INFORMATION EQUIPMENT,Class,"A classification for PASSENGER INFORMATION EQUIPMENT (e.g., next stop indicator, stop announcements, passenger information facility)."
DISPLAY ASSIGNMENT,Class,"The assignment of one SCHEDULED STOP POINT and one JOURNEY PATTERN to a PASSENGER INFORMATION EQUIPMENT specifying that information on the SCHEDULED STOP POINT and the JOURNEY PATTERN will be provided (e.g., displayed, printed)."
,Text,
,Text,
TP Service Frame MODEL,Package,
FO Site Frame MODEL,Package,
ND Infrastructure Frame MODEL,Package,
INFRASTRUCTURE FRAME,Class,A set of infrastructure network data (and other data logically related to these) to which the same VALIDITY CONDITIONs have been assigned.
,Text,
,Text,
SERVICE FRAME,Class,A set of network service data (and other data logically related to these) to which the same VALIDITY CONDITIONs has been assigned.
SITE FRAME,Class,A set of SITE data to which the same VALIDITY CONDITIONs have been assigned.
,Text,
MA Facility Monitoring & Availability MODELs,Package,
MS Messaging MODELs,Package,
EI Operational Event & Incident MODELs,Package,
DP Dated Production Components MODELs,Package,
CA Control Action MODELs,Package,
DM Detecting & Monitoring MODELs,Package,
OC Call MODELs,Package,
PP Production Plan MODELs,Package,
SI Situation MODELs,Package,
OM Dated Call MODEL,Package,
OY Occupancy MODELs,Package,
,Text,
,Text,
OM Vehicle Work Production Components MODEL,Package,
OM Dated Vehicle Service MODEL,Package,
,Text,
,Text,
DATED SPECIAL SERVICE,Class,"A SPECIAL SERVICE taking place on a particular OPERATING DAY.
NOTE: It may derive from a planned SPECIAL SERVICE, or be only occasional."
EXTRA DATED VEHICLE JOURNEY,Class,A DATED VEHICLE JOURNEY added to the PRODUCTION PLAN in addition to the long term planned NORMAL DATED VEHICLE JOURNEYs.
,Constraint,"exclusion
"
,Text,
DATED VEHICLE SERVICE,Class,A VEHICLE SERVICE taking place on a particular OPERATING DAY.
DATED VEHICLE SERVICE PART,Class,A VEHICLE SERVICE PART taking place on a particular OPERATING DAY.
CALL,Class,A view that brings together data relating to the individual visit to a POINT IN JOURNEY PATTERN in a VEHICLE JOURNEY or DATED VEHICLE JOURNEY.
,Text,
OC Call MODEL,Package,
ARRIVAL,Class,A view that brings together data relating to the arrival to a POINT IN JOURNEY PATTERN in a VEHICLE JOURNEY or DATED VEHICLE JOURNEY.
CALL PART,Class,A view that brings together data relating to the arrival to or the departure from a POINT IN JOURNEY PATTERN in a VEHICLE JOURNEY or DATED VEHICLE JOURNEY.
,Text,
,Note,Note that the list of classes that can be attached to the &lt;&lt;TRANSMODEL VIEW&gt;&gt; classes is not conclusive.
DEPARTURE,Class,A view that brings together data relating to the departure from a POINT IN JOURNEY PATTERN in a VEHICLE JOURNEY or DATED VEHICLE JOURNEY.
,Text,
,Note,Note that the list of classes that can be attached to the &lt;&lt;TRANSMODEL VIEW&gt;&gt; classes is not conclusive.
,Note,Note that the list of classes that can be attached to the &lt;&lt;TRANSMODEL VIEW&gt;&gt; classes is not conclusive.
,Text,
,Text,
,Note,Note that the list of classes that can be attached to the &lt;&lt;TRANSMODEL VIEW&gt;&gt; classes is not conclusive.
DATED CALL,Class,A view that brings together data relating to the individual visit to a POINT IN JOURNEY PATTERN in a DATED VEHICLE JOURNEY. 
DATED ARRIVAL,Class,A view that brings together data relating to the arrival to a POINT IN JOURNEY PATTERN in a DATED VEHICLE JOURNEY. 
DATED CALL PART,Class,A view that brings together data relating to the arrival to or the departure from a POINT IN JOURNEY PATTERN in a DATED VEHICLE JOURNEY. 
DATED DEPARTURE,Class,A view that brings together data relating to the departure from a POINT IN JOURNEY PATTERN in a DATED VEHICLE JOURNEY. 
,Text,
,Note,Note that the list of classes that can be attached to the &lt;&lt;TRANSMODEL VIEW&gt;&gt; classes is not conclusive.
PP Production Plan MODEL,Package,
,Note,"There can be separated administration of timetables, vehicle schedules and driver schedules. It is assumed that matching is done on the OPERATING DAY level.
Additionally: If all parties can relate to a common set of basic day types and the same SERVICE CALENDAR from the same SERVICE CALENDAR FRAME, it is possible to modify the PRODUCTION PLAN by only adjusting the SERVICE CALENDAR.
"
PRODUCTION PLAN,Class,"A reference version of production activities (service journeys, dead runs, duties, etc.).
NOTE: CONTROL ACTIONs are described with reference to the PRODUCTION PLAN they amend."
LOGICAL VEHICLE,Class,"A theoretically available vehicle resource for an OPERATING DAY, foreseen to be monitored."
,Note,reference version of a daily activity
,Text,
LOGICAL DRIVER,Class,"A theoretically available driver resource for an OPERATING DAY, foreseen to be monitored."
,Text,
,Text,
,Note,"E.g., vehicle in motion/stopped."
,Note,"E.g., calculating an estimated passing time.
"
,Note,"E.g., vehicle position, speed, doors open"
,Note,"indicates monitored operation (event) concerned such as 
<ul>
	<li>assigning the LOGICAL VEHICLE to a journey (MONITORED VEHICLE JOURNEY)</li>
	<li>the observed passage of a point in a MONITORED VEHICLE JOURNEY (OBSERVED PASSING TIME)</li>
	<li>change of interchange status,</li>
	<li>vehicle coupling</li>
</ul>"
OM Vehicle Monitoring MODEL,Package,
OM Vehicle Detecting MODEL,Package,
OM Monitored Passing Times MODEL,Package,
VEHICLE DETECTING LOG ENTRY,Class,"A record of detected raw real-time data that is recognized to be related with a certain VEHICLE. 
"
VEHICLE DETECTING,Class,"An activity consisting in the identification of a vehicle at a certain time by a detection device and of collecting raw data, such as an absolute location of the vehicle."
,Note,"Vehicle physical position
Vehicle speed
Doors open
Movement through door"
,Note,"Vehicle at point
Vehicle in motion/stopped
Occupancy"
TYPE OF VEHICLE DETECTING,Class,A characterisation of the detection activity.
,Constraint,"exclusion - 
One but only one"
DETECTED OPERATION,Class,"An actual data detected in a VEHICLE DETECTING event, e.g., detection of an actual vehicle coupling, detection of an INCIDENT or detection of an actual relief."
,Text,
VEHICLE MONITORING LOG ENTRY,Class,"A record of computed information describing some aspect of how a certain LOGICAL VEHICLE performs in relation to the latest operation plan based on comparing information from detection devices with operational data.

"
MONITORED SPECIAL SERVICE,Class,A special service that is monitored as being operated by a LOGICAL VEHICLE.
,Constraint,exclusion
,Text,
,Note,"E.g., vehicle coupling, parking, driver relief"
IMPEDED TIME,Class,"The difference between the impeded and non-impeded passage of a LINK.
NOTE: It consists of slow down time, waiting time, and accelerating time."
TYPE OF VEHICLE MONITORING,Class,"The aspect (type of situation) addressed by the monitoring activity.
"
,Note,"E.g., calculating an estimated passing time, noting an observed passing time"
MONITORED VEHICLE JOURNEY,Class,"A journey that is monitored as being operated by a LOGICAL VEHICLE.
NOTE: According to the monitoring system capabilities, a MONITORED VEHICLE JOURNEY may be related to a DATED VEHICLE JOURNEY, or only to a JOURNEY PATTERN."
VEHICLE MONITORING,Class,"An activity consisting in the assignment, at a certain time, of operational data to a monitored LOGICAL VEHICLE (e.g., that the vehicle is operating a certain MONITORED VEHICLE JOURNEY or has passed at a certain OBSERVED PASSING TIME at a POINT)."
MONITORED OPERATION,Class,"Operational data monitored in a VEHICLE MONITORING event (e.g., monitoring a LOGICAL VEHICLE, coupling to others, as operating a planned TRAIN BLOCK). "
,Text,
OBSERVED PASSING TIME,Class,The actual passing of a public transport vehicle at a pre-defined POINT during a MONITORED VEHICLE JOURNEY.
ESTIMATED PASSING TIME,Class,"A time data, calculated from the latest available input, about when a public transport vehicle will pass a particular POINT IN JOURNEY PATTERN on a specified DATED VEHICLE JOURNEY.
NOTE: Mainly used to inform passengers about expected times of arrival and/or departure, but may also be used for monitoring and re-planning."
,Text,
OM Vehicle Control Action MODEL,Package,
OM Generic Control Action MODEL,Package,
OM Interchange Control Action MODEL,Package,
OM Composite Journey Control Action MODEL,Package,
OM Elementary Journey Control Action MODEL,Package,
,Text,
,Text,
CONTROL ACTION,Class,An action resulting from a decision taken by the controller causing an amendment of the operation planned in the PRODUCTION PLAN.
,Text,
,Note,Note that in addition to the control actions shown here there are also Driver Control Actions defined in part 7 that inherit from CONTROL ACTION. 
,Text,
GROUP OF CONTROL ACTIONS,Class,"A grouping of related CONTROL ACTIONs, usually either triggered by one ""master"" CONTROL ACTION (for example the closing of a stop point) or by a SITUATION (weather condition, road traffic, etc.)."
LOGICAL VEHICLE CANCELLATION,Class,A CONTROL ACTION consisting in removing a LOGICAL VEHICLE from the production plan.
VEHICLE ASSIGNMENT,Class,"The assignment, or the cancellation of an assignment, of a physical VEHICLE to a LOGICAL VEHICLE.
NOTE: This assignment may be overridden by a further assignment."
CHANGE OF VEHICLE,Class,"A CONTROL ACTION consisting in removing, at a certain point in time and space, all work assigned to a LOGICAL VEHICLE and of assigning it to another LOGICAL VEHICLE."
VEHICLE CONTROL ACTION,Class,A CONTROL ACTION affecting the LOGICAL VEHICLE.
,Text,
,Text,
VEHICLE WORK ASSIGNMENT,Class,"The assignment, or the cancellation of an assignment, of a physical VEHICLE to a LOGICAL VEHICLE to some planned work, represented as DATED BLOCKs or as DATED VEHICLE JOURNEYs.
NOTE: This assignment may be overridden by a further assignment."
,Constraint,exclusion
LOGICAL VEHICLE CREATION,Class,A CONTROL ACTION consisting in creating a completely new LOGICAL VEHICLE and assigning DATED VEHICLE JOURNEYs to the new LOGICAL VEHICLE.
,Text,
CHANGE OF JOURNEY PATTERN,Class,A CONTROL ACTION consisting in assigning a new JOURNEY PATTERN (and the ROUTE supporting it) to a DATED VEHICLE JOURNEY.
CHANGE OF JOURNEY TIMING,Class,"A CONTROL ACTION consisting in changing one or several characteristics of a DATED VEHICLE JOURNEY, in particular the departure time of the journey."
PARTIAL JOURNEY CANCELLATION,Class,A CONTROL ACTION consisting in assigning a JOURNEY PATTERN that is a subset of the original JOURNEY PATTERN to a DATED VEHICLE JOURNEY; thus specifically expressing that a part of a DATED VEHICLE JOURNEY has been cancelled.
JOURNEY CANCELLATION,Class,A CONTROL ACTION consisting in deleting a DATED VEHICLE JOURNEY from the latest valid plan.
JOURNEY CREATION,Class,A CONTROL ACTION consisting in adding a completely new DATED VEHICLE JOURNEY to the latest valid plan.
ELEMENTARY JOURNEY CONTROL ACTION,Class,A non-composite CONTROL ACTION affecting DATED VEHICLE JOURNEYs.
,Text,
FLEXIBLE JOURNEY ACTIVATION,Class,A CONTROL ACTION consisting in activating a DATED VEHICLE JOURNEY that has a booking pre-condition.
,Text,
DEPARTURE LAG,Class,"A CONTROL ACTION consisting of gradually shifting a set of departures at one POINT.
NOTE: It allows a change of the timetable without abrupt variations in the intervals."
RESPACING,Class,"A CONTROL ACTION to respace departure times at one POINT after a journey or a vehicle has been added or cancelled, in order to preserve the regularity of intervals."
COMPOSITE JOURNEY CONTROL ACTION,Class,A CONTROL ACTION affecting a set of DATED VEHICLE JOURNEYs with a correlated set of adjustments.
DEPARTURE EXCHANGE,Class,A CONTROL ACTION consisting in permuting at one POINT the departure times of two or several DATED VEHICLE JOURNEYs.
,Text,
RESORPTION,Class,"A CONTROL ACTION consisting of progressively resorbing a delay on one DATED VEHICLE JOURNEY by rescheduling the departure times at one POINT of the following journeys.
NOTE: It is a way of maintaining regular intervals after a disturbance on a particular journey."
,Text,
INTERCHANGE CANCELLATION,Class,A CONTROL ACTION consisting in deleting a DATED VEHICLE JOURNEY INTERCHANGE from the latest valid plan so that a distributor DATED VEHICLE JOURNEY no longer needs to wait for a feeder DATED VEHICLE JOURNEY.
,Text,
INTERCHANGE MODIFICATION,Class,A CONTROL ACTION expressing that the duration a distributor DATED VEHICLE JOURNEY needs to wait for a feeder DATED VEHICLE JOURNEY in a DATED VEHICLE JOURNEY INTERCHANGE is changed or that a different DATED VEHICLE JOURNEY is to wait for the feeder.
INTERCHANGE CREATION,Class,A CONTROL ACTION consisting in adding a completely new DATED VEHICLE JOURNEY INTERCHANGE between a feeder DATED VEHICLE JOURNEY and a distributor DATED VEHICLE JOURNEY to the latest valid plan.
INTERCHANGE CONTROL ACTION,Class,A CONTROL ACTION affecting a DATED VEHICLE JOURNEY INTERCHANGE.
CHANGE OF STOP POINT STATUS,Class,"Change of the status of a SCHEDULED STOP POINT, a STOP PLACE or a QUAY, impacting all the DATED VEHICLE JOURNEYs in a certain period of time.
NOTE: This CONTROL ACTION is mainly used for stop closing or opening, and will give rise to further actions such as CHANGE OF JOURNEY PATTERNs or PARTIAL JOURNEY CANCELLATIONs. 
"
OM Operational Event & Incident MODEL,Package,
,Text,
OPERATIONAL EVENT,Class,"Any event affecting the public transport operation (production follow-up, management of information or the technical functioning), occurring at a certain time and that is recorded in the system.
NOTE: An OPERATIONAL EVENT is generally causing a CONTROL ACTION."
ALARM,Class,"An EVENT alerting the staff in charge of operations control on a probable dysfunction: operational threshold exceeded (e.g., delay), emergency call, failure, etc."
VEHICLE INCIDENT,Class,An INCIDENT concerning LOGICAL VEHICLEs.
FACILITY OPERATIONAL EVENT,Class,An OPERATIONAL EVENT concerning a FACILITY.
,Text,
SITE OPERATIONAL EVENT,Class,An OPERATIONAL EVENT applying to a SITE.
DRIVER INCIDENT,Class,An INCIDENT concerning LOGICAL DRIVERs.
INCIDENT,Class,An unforeseen EVENT influencing the operation of the network.
OM Operational Message MODEL,Package,
OPERATIONAL MESSAGE,Class,"An information exchange between an EMPLOYEE (e.g., a controller), a LOGICAL DRIVER or a LOGICAL VEHICLE, used to inform about a CONTROL ACTION or an EVENT."
,Text,
CALL FOR REPAIRS,Class,A MESSAGE of a controller sent to a GARAGE to ask for repair of a VEHICLE.
CALL FOR MEANS,Class,A MESSAGE of a controller sent to a PARKING POINT to ask for the activation of resources in stand-by.
,Note,information about a CONTROL ACTION or an EVENT
,Note,{Exclusion}
,Note,consequence of an EVENT
,Note,Parameters describing the consequences of the situation generally or in relation to involved or indirectly impacted public transport elements. 
,Note,"Public transport elements that are directly involved in the PT SITUATION such as LINE, VEHICLE JOURNEY, STOP PLACE etcetera."
,Text,
,Note,Any event or set of events inducing a change in public transport or traffic operation.
SI Base Situation MODEL,Package,
SI PT Situation MODEL,Package,
SI PT Publication Scope MODEL,Package,
SITUATION SOURCE,Class,A description of the origin of the incident or deviation information.
,Text,
,Text,
,Note,Any event or set of events inducing a change in public transport or traffic operation.
SITUATION REASON,Class,A classification of what caused the SITUATION.
TYPE OF SITUATION SOURCE,Class,A classification of the SITUATION SOURCE.
SITUATION,Class,An incident or deviation affecting traffic or travel circumstances.
RELATED SITUATION,Class,"Association with another SITUATION, typically oneÂ Â that has a relationship of cause or effect or otherwise with the SITUATION.
NOTE: the nature of the relationship can be indicated byÂ Â the TYPE OF SITUATIONÂ Â on the RELATED SITUATION.
"
SITUATION CAUSE,Class,"An event or set of events inducing a change in public transport or traffic operation.
"
METHOD OF CAPTURE,Class,A classification of the method used to acquire knowledge of the deviation or incident.
TYPE OF SITUATION RELATION,Class,"Association with another SITUATION, e that has a relationship of cause or effectÂ Â (or otherwise) with the SITUATION.
NOTE: the nature of the relationship can be indicated byÂ Â the TYPE OF SITUATIONÂ Â on the RELATED SITUATION.
"
SITUATION STATUS,Class,"A classification of the current overall state of processing of the SITUATION, e.g. 'Draft' for not yet published; 'Published' for live SITUATIONs; 'Closed' for completed SITUATIONs.
"
,Note,"Public transport elements that are directly involved in the PT SITUATION such as LINE, VEHICLE JOURNEY, STOP PLACE etcetera."
DELAY,Class,A description of deviations from the public transport timetable.
PT SITUATION MESSAGE,Class,"An information communicated concerning a certain PT SITUATION.
"
,Note,Parameters describing the consequences of the situation generally or in relation to involved or indirectly impacted public transport elements. 
CASUALTIES,Class,A description of the number of persons that have been injured or died.
PT SITUATION GENERAL CONSEQUENCE,Class,A parameter describing a general consequence of a PT SITUATION.
EASEMENT,Class,"A description of temporary (fare) exceptions allowed because of disruptions.
"
PT SITUATION AFFECTED SCOPE,Class,"An extent directly involved in the PT SITUATION expressed using entities such as OPERATORs, NETWORKs, LINEs, SCHEDULED STOP POINTs, STOP PLACEs, PLACEs etc."
,Text,
PT SITUATION CONSEQUENCE SCOPE,Class,"An extent impacted by the PT SITUATION CONSEQUENCE expressed using entities such as LINEs, SERVICE JOURNEYs etc."
TYPE OF DELAY,Class,A classification of the delay.
PT SITUATION CONSEQUENCE,Class,"A description of the consequences of the PT SITUATION, generally or in relation to involved or indirectly impacted public transport elements."
,Text,
PT SITUATION,Class,An incident or deviation affecting the planned PT operation.
,Text,
TYPE OF IMPACT,Class,"A classification of the nature of the impact on the PT SCOPE, i.e., TPEG Pti13 Service Condition values.
."
,Text,
PT SCOPE,Class,"An extent consisting of public transport entities or combinations of entities such as OPERATORs, NETWORKs, LINEs, SCHEDULED STOP POINTs, STOP PLACEs, PLACEs, etc.
"
OM Monitored Facility MODEL,Package,
OM Facility Condition MODEL,Package,
,Note,"replace
repair
remove
etc."
,Text,
PLANNED REMEDY,Class,A pre-prepared REMEDY that could include utilizing an alternative FACILITY as a replacement.
FACILITY STATUS,Class,"A classification of the change of availability of a facility, such as being removed, unavailable or only partially available.
"
,Text,
REMEDY,Class,A general or planned countermeasure to compensate a deviating FACILITY CONDITION. 
FACILITY MONITORING METHOD,Class,"A description of the method and circumstances used to monitor a facility such as if it is manual or automatic, the frequency of monitoring or if it is done at certain times."
FACILITY CONDITION,Class,A changed state of availability affecting a MONITORED FACILITY.
,Note,"replace,
repair,
remove,
etc."
TYPE OF REMEDY,Class,"A classification of the change of availability of a facility, such as being removed, unavailable or only partially available.
"
MONITORED VEHICLE JOURNEY FACILITY,Class,"A monitored named amenity or capability enhancing a VEHICLE JOURNEY.

"
MONITORED VEHICLE EQUIPMENT FACILITY,Class,"A monitored named amenity or capability enabled by ACTUAL VEHICLE EQUIPMENT.
"
MONITORED PLACE EQUIPMENT FACILITY,Class,A monitored named amenity or capability related to a PLACE EQUIPMENT.
,Text,
MONITORED JOURNEY PART FACILITY,Class,"A monitored named amenity or capability enhancing a JOURNEY PART.
"
,Text,
MONITORED FACILITY,Class,"A monitored FACILITY that may have different states of availability.
"
MONITORED LOCAL SERVICE FACILITY,Class,A monitored named amenity or capability related to a LOCAL SERVICE.
,Text,
,Text,
OC Deck Occupancy MODEL,Package,
OC Vehicle Occupancy MODEL,Package,
,Text,
OCCUPANCY COUNT,Class,"A record of occupancy of a given DECK SPACE for a given period.
"
DECK SPACE ACTIVITY COUNT,Class,A record of activity in a DECK SPACE for a given period.
DECK ENTRANCE ACTIVITY COUNT,Class,A record of activity through a DECK ENTRANCE for a given period.
DECK ACTIVITY COUNT,Class,A record of activity of a DECK COMPONENT for a given period.
TYPE OF ACTIVITY COUNT,Class,Classification of ACTIVITY COUNT.
DECK SENSOR ENTRY,Class,A specialisation of LOG ENTRY recording a measurement made for a DECK COMPONENT or an ACTUAL VEHICLE EQUIPMENT by a SENSOR EQUIPMENT.
SPOT OCCUPANCY,Class,A record of activity at a LOCATABLE SPOT at a given time.
,Text,
,Note,"DECK SENSOR ENTRies are for low level data capture from sensors and do not directly reference the VEHICLE / TRAIN ELEMENT TYPE, VEHICLE JOURNEY, SCHEDULED STOP POINT, etc., for which they are recorded. The context of Journeys, stops, can be derived through indirect relationships from DECK SENSOR ENTRY to them."
,Text,
,Text,
VEHICLE OCCUPANCY COUNT,Class,"A record of occupancy of a vehicle and optionally categorized by type of OCCUPANT for a DATED VEHICLE JOURNEY and/or VEHICLE, at or directly after leaving a specified POINT IN JOURNEY PATTERN.
"
VEHICLE ENTRANCE ACTIVITY COUNT,Class,"A record (or estimate) of boarding and alighting activity during the time the entrances are open at a stop, at a DECK ENTRANCE that is used to enter or exit a vehicle.
NOTE: The DECK ENTRANCE may be a PASSENGER ENTRANCE, in which case the count is of passengers, or a DECK VEHICLE ENTRANCE, in which case the count is of vehicles being loaded or unloaded."
VEHICLE LOAD ENTRY,Class,"The observed or estimated load levels for a DATED VEHICLE JOURNEY and/or VEHICLE, at or directly after leaving a specified POINT IN JOURNEY PATTERN."
TYPE OF OCCUPANT,Class,"Classification of VEHICLE OCCUPANCY, e.g., as wheelchair, pram, cycle, etc."
,Note,"Headcounts and ratios can be counted for different types of users and objects; e.g., seated passengers, standing passengers, wheelchairs, prams, cycles, etc."
,Text,
,Note,"SIMPLIFIED VIEW of VEHICLE LOAD ENTRY showing just the elements and attributes equivalent to VDV ""Crowding"".
"
ESTIMATED VEHICLE LOAD ENTRY,Class,"The estimated load levels for a VEHICLE on a journey, at a specified stop."
ESTIMATED VEHICLE OCCUPANCY COUNT,Class,"An estimate of occupancy of a vehicle and optionally categorized by type of OCCUPANT for a DATED VEHICLE JOURNEY and/or VEHICLE, at or directly after leaving a specified POINT IN JOURNEY PATTERN.

"
,Note,"Headcounts and ratios can be counted for different types of users and objects; e.g., seated passengers, standing passengers, wheelchairs, prams, cycles, etc."
,Text,
,Text,
,Text,
SD Sales Description MODELs,Package,Describes packaging and materialisation of Fare products for distribution.
FR Fare Role MODELs,Package,"Describes the roles of actors using or providing fares
"
FP Pricing MODELs,Package,"Describes common Price and pricing components used in the Fare Model
"
ST Customer & Sales Transaction MODELs,Package,Describes customers and the purchases of fare products.
FS Fare Structure Description MODELs,Package,"Describes the FARE STRUCTURE aspect of FAREs.
"
FF Explicit Frame MODELs,Package,Describes the organisation of data elements for data exchange.
FC Validation and Control MODELs,Package,Describes the control and validation of passengers with fare products.
AR Access Rights Description MODELs,Package,"Describes FARE PRODUCTs and their the access rights.
"
,Text,
Fare Management Glossary,Package,
FP Fare Calculation Parameters MODEL,Package,Describes shared pricing parameters used in the Fare Model
FP Fare Table MODEL,Package,"Describes the FARE TABLE components used to organise FARE PRICEs
"
FP Fare Price MODEL,Package,Describes common Price components used in the Fare Model
,Text,
ROUNDING METHOD,Class,A classification of PRICING RULES.
FARE DAY TYPE,Class,"A type of day used in the fare collection domain, characterised by one or more properties which affect the definition of access rights and prices in the fare system."
TYPE OF PRICING RULE,Class,A classification of a PRICING RULE.
LIMITING RULE,Class,A rule for limiting the results of a price calculation.
ROUNDING STEP,Class,"Parameters to determine the rounding value to be used for a given calculation result.
NOTE: If a rounding step table is used, any value equal to or larger than the step key and smaller that the next step key should be rounded to the value indicated for the step value."
,Text,
,Text,
PRICING SERVICE,Class,A web service used to provide prices dynamically at time of booking or purchase.
ROUNDING,Class,Parameters directing the rounding of values that are the result of calculations.
DISCOUNTING RULE,Class,A price calculation rule determined by a discount.
,Text,
PRICING RULE,Class,"A rule used for the calculation of FARE PRICE, determined either by a set of parameters to be applied to a reference price or by a more complex algorithm.
NOTE: PRICING RULEs may be chained together."
PRICE UNIT,Class,"A unit to express prices: amount of currency, abstract fare unit, ticket unit or token etc."
PRICING PARAMETER SET,Class,"<font color=""#0f0f0f"">A set of parameters controlling pricing calculations.</font>"
MONTH VALIDITY OFFSET,Class,"Days before (negative) or after (positive) the start of the month that a product with a calendar period driven activation becomes valid.
"
,Text,
,Text,
,Text,
,Text,
,Text,
PRICE GROUP,Class,"A grouping of prices, allowing the grouping of numerous possible consumption elements into a limited number of price references, or to apply grouped increase, in value or percentage."
FARE PRICE,Class,Price features for a PRICEABLE OBJECT.
PRICEABLE OBJECT,Class,An element which may have a FARE PRICE.
RULE STEP RESULT,Class,"Interim calculation step amounts for any pricing rules applied when deriving one price from another, for example discounts, VAT or other tax amount charged."
,Text,
,Note,"To record exactly how one price has been derived from another one or more RULE STEP RESULTS may be used. Each step records the application of a PRICING RULE to calculate a FARE PRICE from another FARE PRICE and can indicate the result and related parameters.

For example, there may be a base price without tax and a net price with tax.

Rules can be chained to indicate that they should be applied in succession."
,Note,A FARE TABLE is made up of one or more CELLs; each CELL specifies a combination of elements and a price (or that the combination is not allowed). The FARE TABLE itself may be restricted to apply only to certain fare structure elements.
CELL,Class,"A unique individual combination of features within a FARE TABLE, used to associate a FARE PRICE with a fare element."
,Text,
,Text,
,Note,A FARE TABLE is made up of one or more CELLs; each CELL specifies a combination of elements and a price (or that the combination is not allowed). The FARE TABLE itself may be restricted to apply only to certain fare structure elements.
,Text,
,Constraint,exclusion
FARE TABLE,Class,"A grouping of prices that may be associated with various fare elements such as the DISTANCE MATRIX ELEMENT, FARE STRUCTURE ELEMENT, GEOGRAPHICAL INTERVAL or GROUP OF ACCESS RIGHT PARAMETERs.
NOTE: Tables may be nested."
CELL SPECIFIC GROUP,Class,"Specific assignments to other parameters affecting the price of the CELL.
"
,Text,
CELL SPECIFIC ROUTING GROUP,Class,"Specific assignments to routing parameters affecting the price of the CELL.
"
CELL SPECIFIC NETWORK GROUP,Class,"Specific assignments to Network parameters affecting the price of the CELL.
"
CELL SPECIFIC TRANSPORT TYPE GROUP,Class,"Specific assignments to transport type parameters affecting the price of the CELL.
"
CELL SPECIFIC SERVICE GROUP,Class,"Specific assignments to service parameters affecting the price of the CELL.
"
CELL SPECIFIC DISTRIBUTION GROUP,Class,"Specific assignments to distribution parameters affecting the price of the CELL.
"
CELL SPECIFIC EQUIPMENT GROUP,Class,"Specific assignments to equipment parameters affecting the price of the CELL.
"
CELL PRICE,Class,Price features for a CELL
,Text,
PT Parking Tariff MODEL,Package,"Describes Price components used in the Parking Model
"
FZ Fare Zone MODEL,Package,Describes the network related aspects of the FARE STRUCTURE.
FS Fare Structure MODELs,Package,"Describes the detailed FARE STRUCTURE.
"
PARKING CHARGE BAND,Class,Parking charges that describe the cost of using a PARKING or PARKING AREA for a given period.
,Text,
PARKING PRICE,Class,A specialisation of FARE PRICE that defines the price of a PARKING CHARGE BAND.
,Text,
PARKING TARIFF,Class,A set of PARKING CHARGE BANDS that describe the cost of using a PARKING or PARKING AREA. 
,Text,
BORDER POINT,Class,"A POINT on the network marking a boundary for the fare calculation.
NOTE: May or may not be a SCHEDULED STOP POINT."
SERIES CONSTRAINT,Class,"An extension of a DISTANCE MATRIX ELEMENT (a cell of an origin-destination matrix for TARIFF ZONEs or SCHEDULED STOP POINTs) expressing a fare distance for the corresponding trip (value in km, number of fare units, etc.), constrained to specific routes.
NOTE: SERIES CONSTRAINTs are mainly used for rail fares. "
FARE SCHEDULED STOP POINT,Class,A specialisation of SCHEDULED STOP POINT describing a stop with fare accounting and routing characteristics.
SERIES CONSTRAINT PRICE,Class,A set of all possible price features of a SERIES CONSTRAINT: default total price etc.
,Text,
TYPE OF SERIES CONSTRAINT,Class,A classification of a SERIES CONSTRAINT.
FARE ZONE,Class,A specialization of TARIFF ZONE to include FARE SECTIONs.
,Text,
TYPE OF ROUTING,Class,"A classification of the ROUTING, e.g., direct, indirect; may be used to choose pricing criteria."
FARE SECTION,Class,"A subdivision of a JOURNEY PATTERN consisting of consecutive POINTs IN JOURNEY PATTERN, used to define an element of the fare structure."
,Text,
FARE POINT IN JOURNEY PATTERN,Class,"A POINT IN JOURNEY PATTERN which represents the start or end of a FARE SECTION, or a point used to define a SERIES CONSTRAINT."
ZONE IN SERIES,Class,"Use of a ZONE in an ordered sequence within a SERIES CONSTRAINT, for example to indicate that a series must route through a given sequence of TARIFF ZONEs."
FS Quality Fare Structure MODEL,Package,"Describes quality and quota based elements used in the FARE STRUCTURE.
"
FS Time Fare Structure MODEL,Package,"Describes temporal elements used in the FARE STRUCTURE.
"
FS Fare Structure Element MODEL,Package,"Describes structural elements used to define the allowed sequence of use of the FARE STRUCTURE.
"
FS Validable Element MODEL,Package,Describes structural elements used to manage the control and validation processes. 
FS Distance Matrix Element MODEL,Package,"Describes elements used to define point to point and zone to zone fares structures.
"
FS Geographical Fare Structure MODEL,Package,"Describes spatial elements used in the FARE STRUCTURE.
"
FS Common Fare Structure MODEL,Package,"Describes generic abstract elements used in the FARE STRUCTURE.
"
,Text,
,Text,
FARE UNIT,Class,A unit associated with a FARE STRUCTURE FACTOR.
FARE INTERVAL,Class,An interval-based aspect of the fare structure.
,Text,
,Text,
FARE ELEMENT IN SEQUENCE,Class,"A part of an access right, including its possible order in the sequence of elementary access rights.
"
FARE STRUCTURE FACTOR,Class,A factor influencing access rights definition or calculation of prices.
,Constraint,exclusion
,Constraint,exclusion
,Constraint,exclusion
,Constraint,exclusion
,Constraint,exclusion
,Constraint,exclusion
GEOGRAPHICAL INTERVAL PRICE,Class,"A set of all possible price features of a GEOGRAPHICAL INTERVAL: default total price, etc."
GEOGRAPHICAL INTERVAL,Class,"A geographical interval specifying access rights for the FARE STRUCTURE ELEMENTs within the range of this interval: 0-5 km, 4-6 zones etc."
,Text,
,Constraint,exclusion
,Constraint,exclusion
GEOGRAPHICAL UNIT PRICE,Class,A set of all possible price features of a GEOGRAPHICAL UNIT: default total price etc.
,Constraint,exclusion
,Text,
GEOGRAPHICAL STRUCTURE FACTOR,Class,The value of a GEOGRAPHICAL INTERVAL or a DISTANCE MATRIX ELEMENT expressed by a GEOGRAPHICAL UNIT.
GEOGRAPHICAL UNIT,Class,A unit for calculating geographical graduated fares.
,Text,
GROUP OF DISTANCE MATRIX ELEMENTS,Class,"A grouping of DISTANCE MATRIX ELEMENTS.
NOTE: May be used to provide reusable sets of Origin / Destination pairs."
,Text,
,Constraint,Exclusion
,Text,
DISTANCE MATRIX ELEMENT,Class,"A cell of an origin-destination matrix for TARIFF ZONEs or SCHEDULED STOP POINTs, expressing a fare distance for the corresponding trip: value in km, number of fare units etc."
DISTANCE MATRIX ELEMENT PRICE,Class,A set of all possible price features of a DISTANCE MATRIX ELEMENT: default total price etc.
,Constraint,Exclusion
,Text,
TIME UNIT PRICE,Class,A set of all possible price features of a TIME UNIT: default total price etc.
TIME STRUCTURE FACTOR,Class,The value of a TIME INTERVAL expressed by a TIME UNIT.
,Text,
TIME INTERVAL PRICE,Class,"A set of all possible price features of a TIME INTERVAL, e.g., default total price, etc."
,Text,
TIME INTERVAL,Class,"A time-based interval specifying access rights for the FARE STRUCTURE ELEMENTs within the range of this interval: 0-1 hour, 1-3 days etc."
,Constraint,exclusion
TIME UNIT,Class,A unit for calculating time-based graduated fares.
QUALITY STRUCTURE FACTOR,Class,"A factor influencing access rights definition or calculation of prices, based on the quality: traffic congestion threshold, early/late reservation etc."
FARE DEMAND FACTOR,Class,"A named set of parameters defining a period of travel with a given price, for example off peak, peak, super off peak, etc. "
,Text,
FARE QUOTA FACTOR,Class,A named set of parameters defining a number of quota fares available of a given denomination.
,Text,
QUALITY STRUCTURE FACTOR PRICE,Class,"A set of all possible price features of a QUALITY STRUCTURE FACTOR, e.g., default total price, etc."
START TIME AT STOP POINT,Class,"A time at which a fare time band (peak, off peak, etc.) is deemed to begin for trips starting at a particular station."
,Text,
FARE STRUCTURE ELEMENT,Class,A sequence or set of CONTROLLABLE ELEMENTs to which rules for limitation of access rights and calculation of prices (fare structure) are applied.
,Text,
,Text,
TYPE OF TARIFF,Class,A classification of TARIFFs to express the different classes of fares.
FARE STRUCTURE ELEMENT PRICE,Class,"A set of all possible price features of a FARE STRUCTURE ELEMENT: default total price, discount in value or percentage etc."
FARE STRUCTURE ELEMENT IN SEQUENCE,Class,"A FARE STRUCTURE ELEMENT as a part of a VALIDABLE ELEMENT, including its possible order in the sequence of FARE STRUCTURE ELEMENTs forming that VALIDABLE ELEMENT, and its possible quantitative limitation."
TARIFF,Class,"A particular tariff, described by a combination of parameters."
,Text,
,Text,
TYPE OF FARE STRUCTURE ELEMENT,Class,A classification of FARE STRUCTURE ELEMENT to indicate the nature of its use.
CONTROLLABLE ELEMENT PRICE,Class,"A set of all possible price features of a CONTROLLABLE ELEMENT: default total price, discount in value or percentage etc."
CONTROLLABLE ELEMENT IN SEQUENCE,Class,"A CONTROLLABLE ELEMENT as a part of a FARE STRUCTURE ELEMENT, including its possible order in the sequence of CONTROLLABLE ELEMENTs grouped together to form that FARE STRUCTURE ELEMENT, and its possible quantitative limitation."
,Text,
,Text,
VALIDABLE ELEMENT PRICE,Class,"A set of all possible price features of a VALIDABLE ELEMENT: default total price, discount in value or percentage etc."
VALIDABLE ELEMENT,Class,"A sequence or set of FARE STRUCTURE ELEMENTs, grouped together to be validated in one go."
CONTROLLABLE ELEMENT,Class,"The smallest controllable element of public transport consumption, all along which any VALIDITY PARAMETER ASSIGNMENT remains valid."
,Text,
,Text,
,Text,
AR Fare Product MODEL,Package,"Describes core Fare product elements.
"
AR Access Right Parameter MODELs ,Package,"Describes the access rights to Fare products.
"
AR Types of Fare Product MODEL ,Package,"Describes different types of Fare product.
"
CHARGING MOMENT,Class,"A classification of FARE PRODUCTs according to the payment method and the account location: pre-payment with cancellation (throw-away), pre-payment with debit on a value card, pre-payment without consumption registration (pass), post-payment etc."
,Text,
FARE PRODUCT PRICE,Class,"A set of all possible price features of a FARE PRODUCT: default total price, discount in value or percentage etc."
,Text,
SERVICE ACCESS RIGHT,Class,An immaterial marketable element dedicated to accessing some services.
TYPE OF FARE PRODUCT,Class,A classification of FARE PRODUCTs.
FARE PRODUCT,Class,"An immaterial marketable element (access rights, discount rights, etc.), specific to a CHARGING MOMENT."
THIRD PARTY PRODUCT,Class,A FARE PRODUCT that is marketed together with a Public Transport FARE PRODUCT.
CAPPING RULE,Class,"A capping limit for a given time interval, where the capping is expressed by another product (for example, the London Oyster card fare, which charges for each journey at a reduced price until travel equivalent to a day pass for the mode of travel has been consumed). 
"
,Note,"<b>SALES DISCOUNT RIGHT</b> = <i>A FARE PRODUCT allowing a customer to benefit from discounts when purchasing SALES OFFER PACKAGEs.</i>

For example a rail card.

Distinct from an ENTITLEMENT PRODUCT - which also gives a discount but is not itself a FARE PRODUCT (For example a Veteran's card).

Quite often a SALE DISCOUNT RIGHT is bundled into a SALES OFFER PACKAGE with another FARE PRODUCT, for example a season ticket to travel on a train route might give the right to buy other train tickets at a discount."
USAGE DISCOUNT RIGHT,Class,A FARE PRODUCT allowing a customer to benefit from discounts when consuming VALIDABLE ELEMENTs.
CAPPING RULE PRICE,Class,"A set of all possible price features of a CAPPING RULE: default total price, discount in value or percentage etc."
,Text,
,Text,
,Constraint,exclusion
,Note,may be for Public Transport or for other services
,Note,"<b>PREASSIGNED FARE PRODUCT:</b> <i>A FARE PRODUCT consisting of one or several VALIDABLE ELEMENTs, specific to a CHARGING METHOD.</i>

Used for trips bought in advance or postpaid.
"
,Text,
,Note,"<b>AMOUNT OF PRICE UNIT </b>= A<i> FARE PRODUCT consisting in a stored value of PRICE UNITs: an amount of money on an electronic purse, amount of units on a value card etc. </i>
For example, a coupon with 10 points on it, a subway token, a smart card holding 8 Euros in stored value.
"
,Text,
AMOUNT OF PRICE UNIT,Class,"A FARE PRODUCT consisting in a stored value of PRICE UNITs: an amount of money on an electronic purse, amount of units on a value card etc."
ACCESS RIGHT IN PRODUCT,Class,"A VALIDABLE ELEMENT as a part of a PRE-ASSIGNED FARE PRODUCT, including its possible order in the set of all VALIDABLE ELEMENTs grouped together to define the access right assigned to that PRE-ASSIGNED FARE PRODUCT."
,Text,
,Note,"<b>ENTITLEMENT PRODUCT:</b> <i>A precondition to access a service or to purchase a FARE PRODUCT, issued by an organisation that may not necessarily be a PT operator (e.g., military card). </i>
<i>
</i>The ENTITLEMENT REQUIRED validity parameter of a SALES OFFER PACKAGE or a FARE PRODUCT can specify which ENTITLEMENT PRODUCT (s) are required in order to buy a give FARE PRODUCT"
,Note,"<b>CAPPED DISCOUNT RIGHT:</b> <i>A specialisation of SALE DISCOUNT RIGHT where the discount is expressed as a rule specifying a ceiling within a given time interval. For example, the London Oyster card fare, which charges for each journey until travel equivalent to a day pass has been consumed, after which further travel is free on that day.</i>

Fare can be capped to an amount or linked to the price of another product within a given USAGE VALIDITY PERIOD."
,Note,"THIRD PARTY PRODUCT: <i>A FARE PRODUCT that is marketed together with a Public Transport FARE PRODUCTs.</i>

Sometimes a SALES OFFER PACKAGE includes items from another operator for which no fare description is available, but nonetheless needs to be understood as part of the offering. These can be represented as THIRD PARTY PRODUCTS."
PRE-ASSIGNED FARE PRODUCT,Class,"A FARE PRODUCT consisting of one or several VALIDABLE ELEMENTs, specific to a CHARGING <font color=""#0f0f0f"">MOMENT</font>."
,Text,
,Note,"<b>USAGE DISCOUNT RIGHT:</b> <i>A FARE PRODUCT allowing a customer to benefit from discounts when consuming VALIDABLE ELEMENTs.</i>

Distinct from a SALES DISCOUNT RIGHT which is the right to purchase additional products at a discount, the USAGE DISCOUNT RIGHT gives a cheaper rate when consuming access rights already included in a product.

Quite often a USAGE DISCOUNT RIGHT is bundled into a SALES OFFER PACKAGE with another FARE PRODUCT.
"
ENTITLEMENT PRODUCT,Class,"A precondition to access a service or to purchase a FARE PRODUCT issued by an organisation that may not be a PT operator (e.g., military card). 
"
,Text,
,Text,
SUPPLEMENT PRODUCT,Class,"<font color=""#0f0f0f"">A PRE-ASSIGNED FARE PRODUCT that will provide additional rights when used with (as a complement of) another (reserved seat, second to first class upgrade, etc.).</font>
<font color=""#0f0f0f"">NOTE: SUPPLEMENT PRODUCT also usually has an additional price.</font>"
SALE DISCOUNT RIGHT,Class,A FARE PRODUCT allowing a customer to benefit from discounts when purchasing SALES OFFER PACKAGEs.
CAPPED DISCOUNT RIGHT,Class,"A specialisation of SALE DISCOUNT RIGHT where the discount is expressed as a rule specifying a ceiling on the price for a given time interval (for example, the London Oyster card fare, which charges for each journey until travel equivalent to a day pass has been consumed after which further travel is free on that day)."
Port1,Port,
,Text,
AR Limitation Parameters MODELs,Package,
AR Scoping Validity Parameters MODELs,Package,Describes the generic access rights and parameters used specify what rights a Fare product gives.
AR Access Right Parameter Assignment MODEL,Package,
AR Fare Easement MODEL,Package,"Describes the easement of access rights.
"
AR Eligibility Usage Parameters MODEL,Package,Describes conditions on who may buy and use a fare product.
AR Charging Usage Parameters MODEL,Package,"Describes conditions on policies for giving credit and charging penalties.
"
AR Usage Parameters MODEL,Package,Describes diverse conditions on how and when FARE PRODUCTs and access rights may be used.
AR Entitlement Parameters MODEL,Package,Describes diverse conditions on prerequisites FARE PRODUCTs and rights to buy other products
AR Travel Usage Parameters MODEL,Package,"Describes diverse conditions on how access rights may be consumed when travelling.
"
AR Luggage Usage Parameters MODEL,Package,Describes conditions on luggage that may be taken when travelling.
AR Booking Usage Parameters MODEL,Package,Describes conditions on when and how products can be booked or purchased.
AR After Sales Usage Parameters MODEL,Package,Describes conditions on after-sale handling of products.
,Text,
,Text,
USAGE PARAMETER PRICE,Class,"A set of all possible price features of a USAGE PARAMETER: discount in value or percentage, etc."
,Text,
TYPE OF USAGE PARAMETER,Class,"A classification of USAGE PARAMETERs to express the nature of parameters.
"
USAGE PARAMETER,Class,A parameter used to specify the use of a SALES OFFER PACKAGE or a FARE PRODUCT.
ROUND TRIP,Class,Parameters relating to single or return trip use of an access right.
MINIMUM STAY,Class,"Parameters expressing details of any minimum stay at the destination required to use an access right.
"
USAGE VALIDITY PERIOD,Class,"A time limitation for validity of a FARE PRODUCT or a SALES OFFER PACKAGE.
NOTE: It may be composed of a standard duration (e.g. 3 days, 1 month) and/or fixed start/end dates and times."
,Text,
TYPE OF MINIMUM STAY ,Class,"A classification of MINIMUM STAY requirements.
"
FREQUENCY OF USE,Class,"The limits of usage frequency for a FARE PRODUCT (or one of its components) or a SALES OFFER PACKAGE during a specific VALIDITY PERIOD.
NOTE: There may be different prices depending on how often the right is consumed during the period."
TYPE OF USAGE VALIDITY PERIOD,Class,A classification of TYPE OF USAGE VALIDITY PERIOD. 
TYPE OF USAGE TRIGGER,Class,"A classification of the events that may start or end a USAGE VALIDITY PERIOD, for example, 'purchase' 'start of ride', 'end of ride', 'end of day', 'end of period', etc."
STEP LIMIT,Class,"Geographical parameter limiting the access rights by counts of stops, sections or zones."
TYPE OF FREQUENCY OF USE ,Class,A classification of FREQUENCY OF USE.
,Text,
INTERCHANGING,Class,"<font color=""#0f0f0f"">Parameters expressing limitations on making changes within a trip.</font>"
ROUTING,Class,"<font color=""#0f0f0f"">Parameters expressing limitations on routing of an access right.</font>
"
,Text,
COMPANION PROFILE,Class,"The number and characteristics of the persons entitled to travel in a group or as companions to another USER PROFILE. 
<b>
</b>"
,Text,
TYPE OF CONCESSION,Class,A classification of USER PROFILE by type of person eligible to use it.
,Text,
GROUP TICKET,Class,The number and characteristics of persons entitled to travel in addition to the holder of an access right.
USER PROFILE,Class,"Eligibility requirements to be met by the social profile of a passenger, based on age group, residence, employment status, sex, mobility requirements etc., used for allowing discounts: 18-40 years old, graduates, preferences, unemployed, women, etc.
"
RESIDENTIAL QUALIFICATION,Class,A parameter providing an authorisation to consider a user as being characterised by a USER PROFILE.
COMMERCIAL PROFILE,Class,"A category of users depending on their commercial relations with the operator (frequency of use, amount of purchase etc.), often used for allowing discounts."
TYPE OF PROOF ACCEPTED,Class,A classification of TYPEs of PROOF ACCEPTED to prove eligibility for a USER PROFILE.
,Text,
,Text,
,Note,"Prerequisite FARE PRODUCTS and/or SALES OFFER PACKAGES can be specified using ENTITLEMENT REQUIRED / SALES OFFER ENTITLEMENT REQUIRED parameters.
"
,Text,
,Text,
ENTITLEMENT REQUIRED,Class,"A parameter indicating whether a particular FARE PRODUCT requires an entitlement (e.g., ownership) to another product in order to buy or use an access right."
TYPE OF ENTITLEMENT,Class,A classification of ENTITLEMENT by type of person eligible to use it.
ENTITLEMENT GIVEN,Class,A parameter indicating whether a particular FARE PRODUCT provides an entitlement to buy or use an access right.
,Note,"Fully defined travel product that

a) Can be used as prerequisite for acquiring another product

b) May give rights to acquire another product"
,Note,"Minimally defined product (travel or otherwise) that can nonetheless be used as a prerequisite for acquiring a fare product.
"
ENTITLEMENT,Class,A USAGE PARAMETER indicating whether a particular FARE PRODUCT is required or gives an entitlement to use another product.
,Text,
TYPE OF BAGGAGE USE,Class,"A classification of how baggage may be used, for example, carry on, check in, luggage van, etc."
,Text,
LUGGAGE ALLOWANCE,Class,"The number and characteristics (weight, volume) of luggage that a holder of an access right is entitled to carry."
TYPE OF BAGGAGE,Class,"A classification of TYPE OF BAGGAGE, e.g., suitcase, push-chair, bicycle, sports gear."
,Text,
TYPE OF RESERVATION FEE,Class,"Classification of Fee basis for making a reservation, e.g., as per group, per leg, per change, per person, etc."
CANCELLING,Class,A parameter giving conditions for cancelling of a booked access right.
,Text,
PURCHASE WINDOW,Class,Period in which the FARE PRODUCT must be purchased.
RESERVING,Class,Parameters indicating whether the access right requires reservation.
TYPE OF RESERVATION NEEDED,Class,Classification of type of reservation needed.
,Text,
RESERVATION MOMENT,Class,"A classification of the moment at which a booking or reservation may be made, e.g., in advance, at stop, on boarding, on board, etc."
BOOKING POLICY,Class,A parameter giving common conditions for booking or cancelling an access right.
TYPE OF RESERVATION RULE,Class,"Classification of requirement for making a reservation, e.g., required, required for groups."
,Text,
,Text,
RESELLING MOMENT,Class,"A classification of the moment at which a booking or reservation may be made, e.g., in advance, at stop, on boarding, on board, etc."
REPLACING,Class,"<font color=""#0f0f0f"">Parameters indicating whether </font>and how the access right may be replaced."
REFUNDING,Class,"<font color=""#0f0f0f"">Parameters indicating whether </font>and how the FARE PRODUCT may be refunded."
TRANSFERABILITY,Class,The number and characteristics of persons entitled to use the public transport service instead of the original TRANSPORT CUSTOMER.
RESELLING,Class,"Parameters indicating the common resale conditions (i.e., for exchange or refund) attached to a fare product."
TYPE OF RESALE,Class,Classification of after sale condition.
,Text,
REBATING,Class,"<font color=""#0f0f0f"">Parameters indicating whether </font>and how a rebate may be offered for the product, for example if performance targets are not met or an inferior replacement service is run."
EXCHANGING,Class,"<font color=""#0f0f0f"">Parameters indicating whether </font>and how an access right may be exchanged for another access right (for example, changing the date of a ticket)."
SUSPENDING,Class,"Conditions governing suspension of a FARE PRODUCT, e.g., for a period pass or subscription that may allow a hiatus in use with a corresponding extension of equivalent value to the suspension period."
REVERTING,Class,"Conditions governing the reversion of access rights for a FARE PRODUCT, e.g., the restoration of access rights after accidental activation or false start."
,Text,
CHARGING POLICY,Class,A parameter governing minimum amount and credit allowed when consuming a FARE PRODUCT.
,Text,
TYPE OF RE-ENTRY POLICY,Class,"A classification of same station RE-ENTRY POLICY; how to treat a user reentering a station within a specified time limit (e.g., example, no charge, maximum fare, block, etc).
"
PENALTY POLICY,Class,"Parameters determining a policy regarding different aspects of penalty charges, for example repeated entry at the same station, not having a ticket etc.
"
,Text,
TYPE OF PENALTY POLICY,Class,"A classification of PENALTY POLICY, for example no fare, excess fare, etc."
TYPE OF CREDIT POLICY,Class,"A classification of credit methods to apply when applying a CHARGING POLICY, for example to allow credit if a user runs out of funds on their account or stored value card.
"
SUBSCRIBING,Class,"Parameters governing subscription to a product that allows payment in instalments at regular intervals.
"
TYPE OF SUBSCRIPTION RENEWAL,Class,"Nature of subscription renewal at end of subscription period, e.g. automatic, by request, none, etc."
TYPE OF ACCESS RIGHT ASSIGNMENT,Class,A classification of ACCESS RIGHT ASSIGNMENT to indicate the purpose of the assignment.
,Note,exclusion
,Constraint,exclusion
,Note,exclusion
,Text,
,Note,"AssignmentType attribute is a comparison operator and may have the values greater or equal, smaller or equal, strictly greater, strictly smaller, equal, different.
The value ""different"" is for exceptions
"
,Constraint,exclusion
,Text,
,Note,"GroupingType: combination operator enabling the representation of the complexity of rules for the limitation of access rights, involving several combinations of different parameters (e.g. access right valid <u>either</u> (for bus line a+b+c or metro line 1) for period X) <u>or</u> (for all bus/metro lines in period Y).
If GroupingType is 'none', the assignment is simple."
VALIDITY PARAMETER ASSIGNMENT,Class,An ACCESS RIGHT PARAMETER ASSIGNMENT relating a fare collection parameter to a theoretical FARE PRODUCT (or one of its components) or a SALES OFFER PACKAGE.
,Text,
GENERIC PARAMETER ASSIGNMENT,Class,"A VALIDITY PARAMETER ASSIGNMENT specifying generic access rights for a class of products (e.g., a time band limit - 7 to 10 a.m. - for trips made with a student pass)."
ACCESS RIGHT PARAMETER ASSIGNMENT,Class,"The assignment of a fare collection parameter (referring to geography, time, quality or usage) to an element of a fare system (access right, validated access, control mean, etc.)."
,Note,"GroupingType: combination operator enabling the representation of the complexity of rules for the limitation of access rights, involving several combinations of different parameters (e.g. access right valid <u>either</u> (for bus line a+b+c or metro line 1) for period X) <u>or</u> (for all bus/metro lines in period Y).
If GroupingType is 'none', the assignment is simple."
,Text,
,Text,
,Text,
,Text,
,Note,exclusion
,Constraint,exclusion
FM AR AccessRightAllowedValues,Package,
,Text,
,Text,
,Text,
Comparison Operator ALLOWED VALUES,Enumeration,Allowed values for Comparison Operator
Logical Operator ALLOWED VALUES,Enumeration,Allowed values for Comparison Operator
,Text,
,Note,exclusion
SCOPING VALIDITY PARAMETERS,Class,"<font color=""#0f0f0f"">A grouping of parameters travel guarantees and remedies offered </font>"
,Text,
AR Equipment Validity Parameters MODEL,Package,
,Text,
AR Fare Validity Parameters MODEL,Package,
AR Network Validity Parameters MODEL,Package,
AR Service Validity Parameters MODEL,Package,
AR Temporal Validity Parameters MODEL,Package,
AR Routing Validity Parameters MODEL,Package,
AR Organisational Validity Parameters MODEL,Package,
DISTRIBUTION VALIDITY PARAMETERS,Class,A type of VALIDITY PARAMETER linked to fare product distribution.
FARE VALIDITY PARAMETERS,Class,A type of SCOPING VALIDITY PARAMETER linked to FARE PRODUCTS and/or their distribution.
PRODUCT VALIDITY PARAMETERS,Class,A type of VALIDITY PARAMETER linked to fare products and/or their distribution.
TARIFF VALIDITY PARAMETERS,Class,A type of VALIDITY PARAMETER linked to tariff structures.
,Text,
,Text,
USAGE VALIDITY PARAMETERS,Class,"A type of SCOPING VALIDITY PARAMETER linked to FARE PRODUCTS and/ their limitations through USAGE PARAMETERs 
"
NETWORK VALIDITY PARAMETERS,Class,A type of VALIDITY PARAMETER related to the network structure.
SITE VALIDITY PARAMETERS,Class,A type of VALIDITY PARAMETER related to the sites in the network.
PLACE VALIDITY PARAMETERS,Class,A type of VALIDITY PARAMETER related to the sites in the network.
,Text,
VEHICLE MEETING VALIDITY PARAMETERS,Class,A type of VALIDITY PARAMETER related to the sites in the network.
,Text,
SERVICE VALIDITY PARAMETERS,Class,"A type of VALIDITY PARAMETER related to service characteristics (e.g., class)."
SEATING VALIDITY PARAMETERS,Class,"A type of VALIDITY PARAMETER related to seating characteristics (e.g., coach or passenger seat)."
,Text,
,Text,
TEMPORAL VALIDITY PARAMETERS,Class,"<font color=""#0f0f0f"">Grouping of time-related parameters defining the validity of access rights.</font>
"
,Text,
,Text,
ROUTING VALIDITY PARAMETERS,Class,"A type of VALIDITY PARAMETER linked to a specific routing.
"
,Text,
,Text,
ORGANISATIONAL VALIDITY PARAMETERS,Class,A type of VALIDITY PARAMETER related to organisational issues<i>.</i>
,Text,
,Text,
,Text,
EQUIPMENT VALIDITY PARAMETERS,Class,"A type of VALIDITY PARAMETER related to service characteristics (e.g., class)."
,Text,
,Text,
TYPE OF ACCESS RIGHT RESTRICTION,Class,Classification of access right restrictions for specifying EASEMENTs.
FARE EASEMENT PARAMETER CHANGE,Class,"A change to an access right because of a disruption to the network, expressed in terms of ACCESS RIGHT PARAMETERs."
FARE EASEMENT,Class,"A change to the normal access rights given to PASSENGERS because of a disruption to the network, for example permission for metro ticket holders to use local rail and bus services if the metro is suspended."
SD Type of Travel Document MODEL,Package,Describes materialisation of a FARE PRODUCT as a ticket (TRAVEL DOCUMENT) or other manifestation.
SD Sales Offer Package MODEL,Package,"Describes elements for packaging of FARE PRODUCTs for distribution.
"
SD Medium Application MODEL,Package,Describes electronic media used for the materialisation of fare products.
SD Sales Distribution MODEL,Package,"Describes distribution conditions on FARE PRODUCTs.
"
SD Sales Offer Entitlement MODEL,Package,
,Text,
SALES OFFER PACKAGE PRICE,Class,A set of all possible price features of a SALES OFFER PACKAGE: default total price etc.
SALES NOTICE ASSIGNMENT,Class,The assignment of a NOTICE to a SALES OFFER PACKAGE or a GROUP OF SALES OFFER PACKAGEs.
,Text,
DISTRIBUTION ASSIGNMENT,Class,An assignment of the COUNTRY and/or DISTRIBUTION CHANNEL through which a FARE PRODUCT may or may not be distributed.
TYPE OF SALES OFFER PACKAGE,Class,A classification of SALES OFFER PACKAGEs.
,Constraint,exclusion
,Text,
SALES OFFER PACKAGE SUBSTITUTION,Class,"Information on the preferred substitution of a SALES OFFER PACKAGE by another (or a set of others) if a quota restricted FARE PRODUCT is no longer available.
"
SALES OFFER PACKAGE,Class,"A package to be sold as a whole, consisting of one or several FARE PRODUCTs materialised thanks to one or several TRAVEL DOCUMENTs."
SALES OFFER PACKAGE ELEMENT,Class,"The assignment of a FARE PRODUCT to a TYPE OF TRAVEL DOCUMENT in order to define a SALES OFFER PACKAGE, realised as a fixed assignment (printing, magnetic storage etc.) or by the possibility for the FARE PRODUCT to be reloaded on the TYPE OF TRAVEL DOCUMENT."
TYPE OF DISTRIBUTION ASSIGNMENT,Class,A classification of DISTRIBUTION ASSIGNMENTs.
GROUP OF SALES OFFER PACKAGES,Class,A grouping of SALES OFFER PACKAGEs.
,Text,
GROUP OF DISTRIBUTION CHANNELS,Class,A grouping of DISTRIBUTION CHANNELs. 
,Text,
TYPE OF FULFILMENT METHOD,Class,"A classification of FULFILMENT METHOD, e.g., as email, print from online, collect, etc."
,Text,
,Constraint,exclusion
FULFILMENT METHOD,Class,"The means by which the TRAVEL DOCUMENT is delivered to the TRANSPORT CUSTOMER, e.g., online, collection, etc. 
"
TYPE OF DISTRIBUTION CHANNEL,Class,"A classification of DISTRIBUTION CHANNEL, e.g., as operator ticket office, onboard, self-service, third-party agent, etc."
TYPE OF DISTRIBUTION RIGHT,Class,"A classification of distribution rights, e.g., to sell, to exchange, to accept, etc."
DISTRIBUTION CHANNEL,Class,A type of outlet for selling of a FARE PRODUCT.
FULFILMENT METHOD PRICE,Class,A set of all possible price features of a FULFILMENT METHOD default total price etc.
,Text,
,Text,
,Text,
TYPE OF MACHINE READABILITY,Class,"A classification of methods of machine reading travel documents, for example ocr, magnetic strip, NFC, etc
"
TYPE OF TRAVEL DOCUMENT,Class,A classification of TRAVEL DOCUMENTs expressing their general functionalities and local functional characteristics specific to the operator. 
,Text,
SMARTCARD,Class,"A smart card with the necessary facilities (hardware and software) are) to host a MEDIUM APPLICATION INSTANCE and communicate with a control device.
"
,Text,
EMV CARD,Class,"A standardised payment card (Europay MasterCard, Visa etc.), capable of being used as token for an Account Based Ticketing system."
MEDIUM APPLICATION INSTANCE,Class,"Initialised instance of a software application that runs on a MEDIUM ACCESS DEVICE.
"
,Text,
MEDIUM ACCESS DEVICE,Class,"A component (mobile phone, smart card, etc.) with the necessary facilities (hardware and software) to host a MEDIUM APPLICATION INSTANCE and communicate with a control device.
"
MEDIUM ACCESS DEVICE SECURITY LISTING,Class,The presence of a specific MEDIUM ACCESS DEVICE on a SECURITY LIST.
TYPE OF MEDIUM ACCESS DEVICE,Class,A classification of MEDIUM ACCESS DEVICEs.
MOBILE DEVICE,Class,"A mobile device (mobile phone, tablet, etc.) with the necessary facilities (hardware and software) to host a MEDIUM APPLICATION INSTANCE and communicate with a control device.
"
,Text,
,Text,
SALES OFFER ENTITLEMENT REQUIRED,Class,SALES OFFER ENTITLEMENT required to use SALES OFFER PACKAGE. 
SALES OFFER ENTITLEMENT GIVEN,Class,SALES OFFER ENTITLEMENT given to use SALES OFFER PACKAGE.
,Text,
,Text,
ST Sales Transaction MODEL,Package,"Describes a record of sales of Fare products.
"
ST Fare Sales Debit MODEL,Package,
ST Retail MODEL,Package,
SE Sales Event MODELs,Package,
ST Customer Payment Means MODEL,Package,
ST Fare Contract MODEL,Package,"Describes the relationship with customer who buys fare products.
"
ST Customer Eligibility MODEL,Package,Describes the eligibility of a specific customer for the characteristics of FARE PRODUCTs.
ST Seat Allocation MODEL,Package,
ST Travel Preferences MODEL,Package,
ST Travel Specification MODEL,Package,
ST Customer Purchase Package MODEL,Package,
CUSTOMER SECURITY LISTING,Class,The presence of a specific TRANSPORT CUSTOMER on a SECURITY LIST.
FARE CONTRACT SECURITY LISTING,Class,"The presence of a specific FARE CONTRACT on a SECURITY LIST.
. "
TYPE OF CUSTOMER ACCOUNT,Class,A classification of CUSTOMER ACCOUNT.
,Text,
FARE CONTRACT STATUS,Class,"A classification of possible status of a CUSTOMER ACCOUNT, e.g., active, suspended, archived, etc."
,Text,
CUSTOMER ACCOUNT SECURITY LISTING,Class,The presence of a specific CUSTOMER ACCOUNT on a SECURITY LIST.
,Text,
FARE CONTRACT ENTRY,Class,A LOG ENTRY associated with a FARE CONTRACT.
TYPE OF FARE CONTRACT ENTRY,Class,A classification of FARE CONTRACT ENTRY.
CUSTOMER ACCOUNT,Class,A registration of the TRANSPORT CUSTOMER with an ACCOUNT PROVIDER to obtain travel services. 
FARE CONTRACT,Class,"A contract with a particular (but possibly anonymous) customer, ruling the consumption of transport services (and joint services).
NOTE: A FARE CONTRACT may be designed for a fixed SALES OFFER PACKAGE (e.g., ticket) or to allow successive purchases of SALES OFFER PACKAGEs."
TRANSPORT CUSTOMER,Class,"A specific person or organisation involved in a fare process.
NOTE: There may be a FARE CONTRACT between the TRANSPORT CUSTOMER and the OPERATOR or the AUTHORITY ruling the consumption of services."
,Text,
TYPE OF FARE CONTRACT,Class,A classification of FARE CONTRACT.
,Text,
,Text,
,Note,The existing entitlements for a customer can be found by examining their CUSTOMER PURCHASE PACKAGES.
CUSTOMER ELIGIBILITY,Class,A parameter indicating whether a specific TRANSPORT CUSTOMER is eligible for a FARE PRODUCT with a specific validity parameter. This may be subject to a particular VALIDITY CONDITION.
USER PROFILE ELIGIBILITY ,Class,Whether a specific TRANSPORT CUSTOMER is eligible for a FARE PRODUCT with a specific USER PROFILE as a validity parameter.
,Text,
COMMERCIAL PROFILE ELIGIBILITY,Class,"A parameter indicating whether a specific TRANSPORT CUSTOMER is eligible for a FARE PRODUCT linked to a specific COMMERCIAL PROFILE.
"
RESIDENTIAL ELIGIBILITY,Class,"<font color=""#0f0f0f"">Parameters indicating whether a specific TRANSPORT CUSTOMER is eligible for an access right with a specific RESIDENTIAL PROFILE as a validity parameter.</font>
"
,Text,
,Text,
CUSTOMER PAYMENT MEANS,Class,"A registered means with which a TRANSPORT CUSTOMER wishes to make payments for a CUSTOMER ACCOUNT, e.g., by nominated EMV CARD."
,Text,
,Text,
,Note,"Payment may be by MEDIUM ACCESS DEVICE (e.g., an EMV card), or through another payment account, identified by a CUSTOMER ACCOUNT
"
,Text,
RETAIL DEVICE,Class,"<font color=""#0f0f0f"">An equipment used to sell FARE PRODUCTs.</font>
<font color=""#0f0f0f"">NOTE: Its identity can be used to record fulfilment and to support security processes.</font>
"
RETAIL CONSORTIUM,Class,A group of ORGANISATIONs formally incorporated as a retailer of FARE PRODUCTS.
RETAIL DEVICE SECURITY LISTING,Class,The presence of a specific RETAIL DEVICE on a SECURITY LIST. 
,Text,
,Text,
TYPE OF RETAIL DEVICE,Class,A classification of RETAIL DEVICEs.
TRAVEL DOCUMENT,Class,"Group of elements concerned with temporal scope.
"
SALES TRANSACTION,Class,A sale of a SALES OFFER PACKAGE
,Text,
TRAVEL DOCUMENT SECURITY LISTING,Class,The presence of a specific TRAVEL DOCUMENT on a SECURITY LIST.
,Text,
,Text,
,Note,"RESPONSIBILITY SET can be used to assign to CUSTOMER PURCHASE PACKAGE and CUSTOMER PURCHASE PACKAGE ELEMENTs various FARE MANAGEMENT, TECHNOLOGY and TRAVEL ORGANISATION ROLEs extracted from the relevant SALES OFFER and FARE PRODUCT elements."
FARE PRODUCT SALE DEBIT,Class,A LOG ENTRY recording data about a debiting action made to purchase a FARE PRODUCT.
OFFENCE DEBIT,Class,A LOG ENTRY recording data about a debiting action for a fine for an OFFENCE or penalty fare.
FARE DEBIT,Class,A LOG ENTRY recording data about a debiting action relating to a fare or use of a fare.
BOOKING DEBIT,Class,A LOG ENTRY recording data about a debiting action for a booking fee. 
,Text,
,Text,
OTHER DEBIT,Class,"<font color=""#0f0f0f"">A LOG ENTRY recording data about a debiting action for a payment type other than a FARE PRODUCT SALE DEBIT, TRIP DEBIT, OFFENCE DEBIT or BOOKING DEBIT.</font>
"
TRIP DEBIT,Class,A LOG ENTRY recording data about a debiting action for post-payment for a specific trip.
,Text,
FE Account Security MODELs,Package,
SE Customer Purchase MODELs,Package,
SE Sales Fulfilment MODEL,Package,
SE Customer Account Use MODELs,Package,
SE Fare Contract Event MODEL,Package,
SE Customer Reservation MODELs,Package,
TRAVEL SPECIFICATION EVENT,Class,The selection of a set of travel options by a TRANSPORT CUSTOMER.
FARE CONTRACT EVENT,Class,An event associated with a FARE CONTRACT.
,Text,
SALES EVENT,Class,The purchase of a product by a TRANSPORT CUSTOMER.
,Text,
,Text,
,Text,
,Text,
SE Customer Account Log Entry MODEL,Package,
SE Customer Account Use Event MODEL,Package,
CUSTOMER DEREGISTER EVENT,Class,The closing of a CUSTOMER ACCOUNT and the removal of all personal details.
,Text,
CUSTOMER ACCOUNT EVENT,Class,An action performed by a TRANSPORT CUSTOMER relating to a CUSTOMER ACCOUNT.
RESTORE CUSTOMER ACCOUNT EVENT,Class,"The reinstallation to replacement media of an electronic travel document by a TRANSPORT CUSTOMER on a MEDIA DEVICE, usually as a MEDIA APPLICATION, possibly with recovered stored value.
"
CUSTOMER MODIFY PROFILE EVENT,Class,The modification by a TRANSPORT CUSTOMER of his CUSTOMER ACCOUNT details.
,Text,
CUSTOMER REGISTER MEDIA EVENT,Class,The registration of a specific MEDIA instance such as an EMV CARD against a CUSTOMER ACCOUNT.
CUSTOMER REGISTER EVENT,Class,The registration by the TRANSPORT CUSTOMER for a new account.
RESTORE CUSTOMER ACCOUNT ENTRY,Class,A CUSTOMER ACCOUNT ENTRY recording the restoration of a CUSTOMER ACCOUNT.
CUSTOMER PROFILE MODIFICATION ENTRY,Class,A CUSTOMER ACCOUNT ENTRY recording the updating of a TRANSPORT CUSTOMER's account information.
CUSTOMER REGISTRATION ENTRY,Class,"A CUSTOMER ACCOUNT ENTRY recording the registration of a CUSTOMER and the creating of a new account.
"
CUSTOMER MEDIA REGISTRATION ENTRY,Class,"A CUSTOMER ACCOUNT ENTRY recording the registration of a media item against a CUSTOMER ACCOUNT, such as an EMV CARD as a payment method for the account."
,Text,
CUSTOMER DEREGISTRATION ENTRY,Class,A CUSTOMER ACCOUNT ENTRY recording the closing of an account and the clearing from record of all personal details of a TRANSPORT CUSTOMER.
,Text,
,Text,
CUSTOMER ACCOUNT ENTRY,Class,An abstract FARE CONTRACT ENTRY relating to a CUSTOMER ACCOUNT.
FM FE Account Security Event MODEL,Package,
FM FE Account Security Log Entry MODEL,Package,
ACCOUNT DETECT ELIGIBILITY CHANGE EVENT,Class,"The detection by an Account Based Ticketing system of a change in the eligibility of a user for a product they currently own, requiring an adjustment of some sort.
"
,Text,
ACCOUNT SECURITY EVENT,Class,A security event initiated by the processing of a CUSTOMER ACCOUNT by an Account Based Ticketing system.
DENY ACCOUNT ON SECURITY LIST EVENT,Class,The denial of rights by placing an ENTITY on a BLACKLIST and/or removing it from a WHITELIST.
,Text,
ACCOUNT SUSPEND EVENT,Class,The suspension of a CUSTOMER ACCOUNT.
,Text,
ACCOUNT REVIVE EVENT,Class,The reinstatement of a suspended CUSTOMER ACCOUNT.
ALLOW ACCOUNT ON SECURITY LIST EVENT,Class,The granting of rights by placing an ENTITY on a WHITELIST and/or removing it from a BLACKLIST.
CEASES TO BE ELIGIBLE ENTRY,Class,"A CUSTOMER ACCOUNT ENTRY recording the detection that a user has ceased to be eligible for a product for which they were previously eligible, e.g., by virtue of growing older, changing employment status, or residence."
,Text,
,Text,
BECOMES ELIGIBLE ENTRY,Class,"A CUSTOMER ACCOUNT ENTRY recording the detection that a user has become eligible for a product for which they were previously ineligible, e.g., by virtue of growing older, changing employment status, or residence. "
,Text,
SECURITY LIST DENY ENTRY,Class,"A REVENUE PROTECTION ENTRY recording the denying of access to the transport network by the addition to a BLACKLIST or removal from a WHITELIST of a token that identifies a TRANSPORT CUSTOMER, CUSTOMER ACCOUNT, FARE CONTRACT, TRAVEL DOCUMENT, etc"
SECURITY LIST ALLOW ENTRY,Class,"A REVENUE PROTECTION ENTRY recording the granting of access to the network by the addition to a WHITELIST or removal from a BLACKLIST of a token that identifies of an ENTITY such as a TRANSPORT CUSTOMER, CUSTOMER ACCOUNT, FARE CONTRACT, TRAVEL DOCUMENT, etc."
ACCOUNT REVIVE ENTRY,Class,"A CUSTOMER ACCOUNT ENTRY recording the reinstatement of a CUSTOMER ACCOUNT.

"
SECURITY LIST ENTRY,Class,An abstract FARE CONTRACT ENTRY relating to measures to enforce Revenue Protection.
ACCOUNT SUSPEND ENTRY,Class,"A REVENUE PROTECTION ENTRY recording the denying of access to the transport network by the addition to a BLACKLIST or removal from a WHITELIST of a token that identifies a CUSTOMER, CUSTOMER ACCOUNT, FARE CONTRACT, TRAVEL DOCUMENT, etc.

"
SE Customer Purchase Log Entry MODEL,Package,"Description of retail entries that take place through customer interaction with fare management system.
"
SE Customer Purchase Event MODEL,Package,
SE Account Sales Event MODEL,Package,
,Text,
,Text,
CUSTOMER REFUND EVENT,Class,"The giving of a refund to a TRANSPORT CUSTOMER for a product previously purchased.
"
,Text,
CUSTOMER SALES EVENT,Class,"<font color=""#0f0f0f"">The purchase or subsequent alteration of a<i> </i>FARE PRODUCT by a TRANSPORT CUSTOMER.</font>"
,Text,
CUSTOMER EXCHANGE EVENT,Class,The exchange by a TRANSPORT CUSTOMER of a product for another product.
CUSTOMER PRODUCT PURCHASE EVENT,Class,The purchase of a FARE PRODUCT by a TRANSPORT CUSTOMER.
,Text,
ACCOUNT AUTO RENEWAL EVENT,Class,"The detection by an Account Based Ticketing system that a renewable product such as a pass needs to be renewed.
NOTE: Depending on the configuration, may trigger either an automatic renewal or a notice to the customer."
ACCOUNT AUTO TOP UP EVENT,Class,"The detection by an Account Based Ticketing system that the account balance has fallen below a threshold which needs to be topped up using a preset payment method and increment.
"
,Text,
ACCOUNT SALES EVENT,Class,A sales event affecting a CUSTOMER ACCOUNT.
ACCOUNT AWARD REFUND EVENT,Class,"The detection by an Account Based Ticketing system that a refund needs to be awarded, for example because guaranteed performance targets have not been met."
,Text,
MEDIA RECHARGE PURCHASE ENTRY,Class,A SALES TRANSACTION recording the purchase of a recharge of stored value by a TRANSPORT CUSTOMER.
TRAVEL COMPENSATION ENTRY,Class,A SALES TRANSACTION recording the payment to the TRANSPORT CUSTOMER of compensation for some service shortcoming.
FARE PRODUCT EXCHANGE ENTRY,Class,A SALES TRANSACTION recording the alteration or exchange of a FARE PRODUCT for another by a TRANSPORT CUSTOMER.
FARE PRODUCT PURCHASE ENTRY,Class,A CUSTOMER PURCHASE ENTRY recording the purchase of a FARE PRODUCT by a TRANSPORT CUSTOMER.
TRIP PURCHASE ENTRY,Class,A CUSTOMER PURCHASE ENTRY recording the purchase of a single trip FARE PRODUCT by a TRANSPORT CUSTOMER.
FARE PRODUCT REFUND ENTRY,Class,A SALES TRANSACTION recording a refund given to a TRANSPORT CUSTOMER.
,Text,
CUSTOMER PRODUCT PURCHASE ENTRY,Class,"An abstract SALES TRANSACTION recording a purchase of any sort by a TRANSPORT CUSTOMER.

"
FARE PRODUCT RENEWAL ENTRY,Class,"<font color=""#0f0f0f"">A CUSTOMER PRODUCT PURCHASE ENTRY recording the renewal of a FARE PRODUCT such as a pass by a TRANSPORT CUSTOMER.</font>"
FARE PRODUCT CANCELLATION ENTRY,Class,"<font color=""#0f0f0f"">A CUSTOMER PRODUCT PURCHASE ENTRY recording the cancellation / rollback of a partially completed purchase </font>"
,Text,
,Note,Fulfilment delivers a TRAVEL DOCUMENT for a purchased FARE PRODUCT
SE Sales Fulfilment Event MODEL,Package,
SE Sales Fulfilment Log Entry MODEL,Package,"Description of fulfilment events that take place through customer interaction with fare management system.
"
,Text,
CUSTOMER MEDIA INSTALL EVENT,Class,"The installation of an electronic travel document on a MEDIA DEVICE, usually as a MEDIA APPLICATION. 
"
CUSTOMER MEDIA RESTORE EVENT,Class,"The replacement of an electronic MEDIA DEVICE.
"
,Text,
CUSTOMER PRODUCT ACTIVATION EVENT,Class,"The activation of a FARE PRODUCT, for example, on an installed MEDIA, or for use with a CUSTOMER ACCOUNT."
CUSTOMER MEDIA APPLICATION RESTORE EVENT,Class,"The reinstallation to replacement media of an electronic travel document on a MEDIA DEVICE, usually as a MEDIA APPLICATION, possibly with recovered stored value.
"
CUSTOMER FULFILMENT EVENT,Class,The delivery to a TRANSPORT CUSTOMER of a materialisation of a FARE PRODUCT as a TRAVEL DOCUMENT.
CUSTOMER COLLECT EVENT,Class,"The collection by the TRANSPORT CUSTOMER of a TRAVEL DOCUMENT and/or MEDIUM ACCESS DEVICE from any FULFILMENT CHANNEL.
"
CUSTOMER REVOKE FULFILMENT EVENT,Class,"The revoking  of a TRAVEL DOCUMENT and/or MEDIUM ACCESS DEVICE from any fulfilment means
"
MEDIA APPLICATION RESTORE ENTRY,Class,"A FULFILMENT ENTRY recording the reinstallation of a previously purchased application on a MEDIA ACCESS DEVICE, possibly with the recovery of stored value."
ADJUST BALANCE ON CHECK IN ENTRY,Class,A FULFILMENT ENTRY recording the adjustment of the balance from an amount deposited on account on a MEDIUM ACCESS DEVICE when a passenger checks in or interacts with a system.
TRAVEL DOCUMENT COLLECTION ENTRY,Class,"A FULFILMENT ENTRY recording the physical delivery of a TRAVEL DOCUMENT to a TRANSPORT CUSTOMER, for example from a ticket on demand machine at a station, or internet self-service."
TRAVEL DOCUMENT ANNULMENT ENTRY,Class,A FULFILMENT ENTRY recording the annulment of a TRAVEL DOCUMENT so that it may no longer be used.
,Text,
,Text,
,Text,
MEDIA PRODUCT DEACTIVATION ENTRY,Class,A FULFILMENT ENTRY recording the deactivation of a previously purchased or installed product. 
MEDIA PRODUCT INSTALLATION ENTRY,Class,A FULFILMENT ENTRY recording the installation of a previously purchased product on a MEDIA ACCESS DEVICE.
PURCHASE FULFILMENT ENTRY,Class,"A FULFILMENT ENTRY recording the delivery of a TRAVEL DOCUMENT to a TRANSPORT CUSTOMER by any means, for example by email, SMS or download"
MEDIA PRODUCT ACTIVATION ENTRY,Class,"A FULFILMENT ENTRY recording the activation of a previously purchased or installed product.
NOTE: Might for example also involve placing on a WHITELIST. "
FULFILMENT ENTRY,Class,An abstract FARE CONTRACT ENTRY relating to delivery of a purchase.
MEDIA RESTORE ENTRY,Class,A FULFILMENT ENTRY recording the replacement of the MEDIUM ACCESS DEVICE.
REVOKE FULFILMENT ENTRY,Class,"A FULFILMENT ENTRY recording the revoking of a previous fulfilment so that a TRAVEL DOCUMENT may be reissued.
NOTE: Authentication Tokens may be cancelled. "
,Note,
SE Customer Reservation Log Entry MODEL,Package,
SE Customer Reservation Event MODEL,Package,
CUSTOMER RESERVATION CREATION ENTRY,Class,A CUSTOMER RESERVATION CREATION ENTRY recording the reservation of an access right.
CUSTOMER RESERVATION CANCELLATION ENTRY,Class,A CUSTOMER RESERVATION ENTRY recording the cancellation of a reservation.
,Text,
,Text,
,Text,
CUSTOMER RESERVATION ENTRY,Class,An abstract SALES TRANSACTION recording the reservation of an access right for a customer.
TRIP SPOT AVAILABILITY ENTRY,Class,"A CUSTOMER RESERVATION ENTRY recording the availability of spots for given TRIP at a given moment in time.
"
,Note,NOTE: Renamed from Customer Booking Entry
CUSTOMER RESERVATION CREATION EVENT,Class,"The creation or modification of a reservation by a TRANSPORT CUSTOMER, possibly without purchase. 
"
,Text,
,Text,
,Text,
CUSTOMER RESERVATION CANCELLATION EVENT ,Class,The cancellation of a reservation by a TRANSPORT CUSTOMER.
CUSTOMER RESERVATION EVENT,Class,"An event relating to reservations 
"
CUSTOMER SPOT AVAILABILITY EVENT,Class,An action to check the availability of a SPOT for reservation to a TRANSPORT CUSTOMER for a given trip.
SPOT ALLOCATION METHOD,Class,"Method for allocating seating, and other bookable spots (for example; open seating, system assigned, self assigned from available, etc.)."
,Text,
SPOT AVAILABILITY STATUS,Class,"Current status of allocation of PASSENGER SEAT, e.g., Available, Reserved, Booked, Blocked, etc."
PASSENGER SPOT ALLOCATION,Class,"Current ALLOCATION of a LOCATABLE SPOT such as a passenger seat or on-board vehicle space to a customer <font color=""#445469"">between two STOP POINTs. </font> "
VEHICLE JOURNEY SPOT ALLOCATION,Class,"The set of current allocations of on-board LOCATABLE SPOTs (i.e., seats, vehicle berths, etc.) for a given NORMAL DATED VEHICLE JOURNEY."
,Note,PASSENGER SPOT ALLOCATION assigns a LOCATABLE SPOT (e.g. seat) to a specific passenger between two SCHEDULED STOP POINTS the JOURNEY PATTERN of a specific NORMAL DATED JOURNEY
,Note,"E.g., available, in use, reserved, out of service"
,Text,
,Note,"PASSENGER SPOT ALLOCATION records the allocation of a specific seat (PASSENGER SPOT) between two stops (SCHEDULED STOP POINTs) on a specific journey and date (NORMAL DATED JOURNEY) to a specific passenger (TRANSPORT CUSTOMER).

VEHICLE JOURNEY SPOT ALLOCATION contains all the allocations for the journey"
,Text,
,Note,"EQUIPMENT associated with a spot can specify detailed quantitative properties of a seat or bed in a spot, e.g., seat height, adjustable, power sockets, etc.
NB FACILITies can be used for simple list of named amenities.
"
,Text,
,Note,The potentially bookable seats (i.e. LOCATABLE SPOTs) available on a given journey are specified by the DECK PLAN associated with the JOURNEY or JOURNEY PART.
,Note,"PASSENGER SPOT ALLOCATION records the allocation of a specific seat (PASSENGER SPOT) between two stops (SCHEDULED STOP POINTs) on a specific journey and date (NORMAL DATED JOURNEY) to a specific passenger (TRANSPORT CUSTOMER).

VEHICLE JOURNEY SPOT ALLOCATION contains all the allocations for the journey"
,Note,"E.g., available, in use, reserved, out of service"
,Text,
TRAVEL PREFERENCES,Class,"Explicit or implicit preferences for travel of the actual TRANSPORT CUSTOMER to be used when making requests.
"
,Text,
CONVENTIONAL MODE TRAVEL PREFERENCES,Class,"Preferences for trip optimisation, e.g., least changes, fastest, least walking, etc.
"
FAVOURITE PLACE,Class,"A designated favourite place for the user that will be used repeatedly on requests, such as Home, Work, Gym, etc
"
ALTERNATIVE MODE TRAVEL PREFERENCES,Class,"Preferences of the TRANSPORT CUSTOMER that may be used when making requests for trips that include ALTERNATIVE MODE LEGs.
"
CYCLING TRAVEL PREFERENCES,Class,"Preferences the TRANSPORT CUSTOMER may use when making trip requests that include cycling legs.
"
HIKING TRAVEL PREFERENCES,Class,"Preferences the TRANSPORT CUSTOMER to be used when making requests that include hiking legs.
"
,Note,"Attributes shown for preferences and specialisations of TRAVEL PREFERENCES for different mode are just indicative. Further specialisations and attributes might be relevant for an actual implementation. For example, DRIVING TRAVEL PREFERENCES with satnav, automatic transmission, etc."
PREFERRED MODE,Class,"A preference by the user to travel by a specific mode and/or submode.
"
,Text,
,Text,
OFFERED TRAVEL SPECIFICATION,Class,"A set of parameters giving details of the offered consumption of access rights associated with a SALES PACKAGE OFFER or a CUSTOMER PURCHASE PACKAGE, (e.g., origin and destination of a travel, class of travel, etc.)."
TRAVEL SPECIFICATION,Class,"A set of parameters giving details of an intended consumption of access rights by a TRANSPORT CUSTOMER (e.g., origin and destination of a travel, class of travel, etc.)."
SPECIFIC PARAMETER ASSIGNMENT,Class,"A VALIDITY PARAMETER ASSIGNMENT specifying practical parameters during a TRAVEL SPECIFICATION, within a given fare structure (e.g., the origin or destination zone in a zone-counting system)."
,Text,
REQUESTED TRAVEL SPECIFICATION,Class,"A set of parameters giving details of an intended consumption of access rights requested by a TRANSPORT CUSTOMER (e.g., origin and destination of a travel, class of travel, etc.)."
,Text,
,Text,
LEG IN TRAVEL SPECIFICATION,Class,"RIDE LEG offered by TRAVEL SPECIFICATION, in Sequence
"
CUSTOMER PURCHASE STATUS,Class,"A classification of possible statuses of CUSTOMER PURCHASE PACKAGE, e.g., booked, paid for, consumed."
CUSTOMER PURCHASE PARAMETER ASSIGNMENT,Class,"A VALIDITY PARAMETER ASSIGNMENT specifying detailed parameters corresponding to a particular CUSTOMER PURCHASE PACKAGE, chosen from those available for a given fare structure (e.g. the origin or destination zone in a zone-counting system)."
CUSTOMER PURCHASE PACKAGE,Class,"A purchase of a SALES OFFER PACKAGE by a TRANSPORT CUSTOMER, giving access rights corresponding to those of one or several FARE PRODUCTs materialised as one or several TRAVEL DOCUMENTs."
,Text,
CUSTOMER PURCHASE PACKAGE PRICE,Class,A specialisation of FARE PRICE that defines the price of a CUSTOMER PURCHASE PACKAGE.
,Text,
CUSTOMER PURCHASE PACKAGE ELEMENT,Class,"A purchase of a SALES OFFER PACKAGE ELEMENT by a TRANSPORT CUSTOMER, with an indication of all selected parameters.
"
,Text,
,Text,
,Text,
,Note,"RESPONSIBILITY SETs may be associated with any ENTITY (i.e., SALES OFFER PACKAGE, FARE PRODUCT, CUSTOMER PURCHASE PACKAGE, TRAVEL DOCUMENT, etc). to indicate the ROLEs to be played by different ORGANISATIONs."
,Text,
,Note,"RESPONSIBILITY SET can be used to assign to TRAVEL DOCUMENT and CUSTOMER PURCHASE PACKAGE ELEMENT various FARE MANAGEMENT and TECHNOLOGY ORGANISATION ROLES. 
"
,Text,
,Text,
FR Fare Management Role MODEL,Package,The Fare Management Role model describes the corporate actors who provide transport services.
FR Fare Technology Role MODEL,Package,
,Text,
FARE SECURITY MANAGER ROLE,Class,"<font color=""#0f0f0f"">The ADMINISTRATIVE ORGANISATION ROLE of establishing and coordinating a security policy for fare data across the provider organisations, and of the certifying and auditing of organisations, applications, etc., for their conformance to the security policy.</font>
"
FARE DATA COLLECTOR ROLE,Class,"The role of collecting and forwarding fare data between the various parties concerned with product delivery, such as PRODUCT RETAILER, PRODUCT OWNER, etc.
NOTE: May be undertaken by a separate intermediary."
FARE PRODUCT RETAILER ROLE,Class,"The role of an organisation to sell products to TRANSPORT CUSTOMERs, as authorised by the holder of a FARE PRODUCT OWNER ROLE.
NOTE: The FARE PRODUCT RETAILER ROLE may be undertaken by the same party as the FARE PRODUCT OWNER ROLE, the ACCOUNT PROVIDER ROLE, or a secondary outlet such as a TRAVEL AGENT, newsagent, or other third party, etc."
FARE REGISTRAR ROLE,Class,"The ADMINISTRATIVE ORGANISATION ROLE of coordinating the issue of unique registration codes (for example, by determining rules for generating unique codes) for data linked to fare management such as FARE CONTRACTs, TRAVEL DOCUMENTs, etc. 
"
,Text,
FARE ORGANISATION ROLE,Class,Any corporate role in providing or managing transport services.
FARE PRODUCT ISSUER ROLE,Class,"A role of an organisation introduced when there are a large number of fare product owners and a large number of distributors.
NOTE: The FARE PRODUCT ISSUER ROLE makes a portfolio of products available to a product distributor to be sold via product retailers to TRANSPORT CUSTOMERs.
"
FARE PRODUCT ATTRIBUTOR ROLE,Class,"The role of being an agent of a FARE PRODUCT OWNER, i.e., the role of an intermediary organisation to whom certain responsibilities have been delegated by the FARE PRODUCT OWNER, for instance to provide the technical implementation of the products defined by the FARE PRODUCT OWNER."
FARE PRODUCT DISTRIBUTOR ROLE,Class,"<font color=""#0f0f0f"">The role, in large networks, of organising and accounting for the wholesale distribution of FARE PRODUCTs, as delegated by the FARE PRODUCT OWNER ROLE and to supply products to the FARE PRODUCT RETAILER ROLE.</font>"
,Text,
,Text,
FARE PRODUCT OWNER ROLE,Class,"The role of the organisation which has commercial ownership of a FARE PRODUCT and is responsible for specifying pricing, usage conditions and commercial rules for the product, for ensuring there are processes for marketing and retailing the product, customer payment, control and validation, back office accounting and settlement and for customer service.
"
,Text,
FR Fare Management Role Associations MODEL,Package,
PAYMENT PROVIDER ROLE,Class,"The role of channelling funds from the CUSTOMER to the FARE PRODUCT RETAILER for travel services, and particularly for usage-based travel products (e.g., EMV provider, ApplePay, PayPal, Android Pay, etc.).

"
IDENTITY PROVIDER ROLE,Class,"The role of supplying a trusted identity token that can be associated with a CUSTOMER ACCOUNT, TRAVEL DOCUMENT, etc.
NOTE: The IDENTITY PROVIDER ROLE may be undertaken by transport AUTHORITies and OPERATORs, but also non-transport organisations, such as governments central and local, mobile network operators, or online service providers (e.g., Google, Facebook) and banks.
"
,Text,
MEDIUM APPLICATION OWNER ROLE,Class,"For media-centric products, the APPLICATION OWNER ROLE has commercial ownership of the software MEDIA APPLICATION hosting a product and is contracted by the PRODUCT OWNER for the use of the application with the customer. "
MEDIA PROVIDER ROLE,Class,"The role of supplying the media used for the TRAVEL DOCUMENT, that is a physical support containing a machine readable/writable data/processor application.
NOTE: This can include transport industry smartcards, payment industry contactless cards, public sector issued cards, mobile phones or paper (for barcodes), new formats such as watches and key fobs, and NFC enabled devices."
,Text,
MEDIUM APPLICATION PROVIDER ROLE,Class,"For media-centric products, the APPLICATION PROVIDER supplies the software application that hosts a TRAVEL DOCUMENT and presents it to CONTROL DEVICEs for automatic control and validation. "
,Text,
ACCOUNT PROVIDER ROLE,Class,"In Account Based Ticketing, the ACCOUNT PROVIDER provides the online account by means of which the product is delivered. Normally this involves a direct relationship with the CUSTOMER, though it may also be done as a white-labelled service for another party."
FR Fare Transport Customer Role MODEL,Package,The Fare User Role model describes the human actors who use transport services.
FE Control & Validation Event MODELs,Package,
FC Access Right Control MODEL,Package,
FC Control & Validation VIEWS,Package,
FC Control Means MODEL,Package,Description of the available means and devices with which validation and control of fares may be undertaken.
FC Access Right Validation MODEL,Package,Description of control and validation record created by customer interaction.
,Text,
GROUP MEMBER ROLE,Class,"The role of a passenger travelling under the access rights granted by a GROUP TICKET. 
"
PASSENGER ROLE,Class,The general role of consuming a travel service.
OFFENDER ROLE,Class,The role enacted by someone attempting to travel with no or insufficient access rights.
,Text,
,Text,
INDIVIDUAL PASSENGER ROLE,Class,The role of a passenger consuming a travel service as a single individual.
INDIVIDUAL PURCHASER ROLE,Class,"The role of a person in purchasing a FARE PRODUCT as a private individual; often, but not necessarily, the same as the PASSENGER ROLE.
"
COMPANION ROLE,Class,"The role of accompanying another passenger under the access rights granted by the other passenger's ticket.
"
CORPORATE PURCHASER ROLE,Class,"The role of purchasing FARE PRODUCTs on behalf of a corporate body such as a company, school, government department, etc."
PURCHASER ROLE,Class,The role of the party who pays for a travel service for one or more TRANSPORT CUSTOMERs.
FC Control & Validation - Control Structure,UMLDiagram,
,Note,"1. Customer purchase of TRAVEL DOCUMENT indicating access rights - i.e., Product Fare Structure of VALIDABLE/ CONTROLLABLE elements that can be controlled."
FC Control & Validation - Document Cancellation,UMLDiagram,
,Note,2. Result of travel : control and marking (also called 'Cancellation' of validable elements) as CONTROLLED ACCESSes and VALIDATED ACCESSes.
,Note,3. Results of the Control &amp; Validation Process: CONTROL ENTRies and VALIDATION ENTRies.
,Text,
,Text,
,Text,
FC Control & Validation - Validation,UMLDiagram,
OTHER CONTROL MEANS,Class,"A particular means other than a control device, for example a manual procedure, used to control apply control processes."
,Note,"1. Device parameters (from a DEVICE PARAMETER ASSIGNMENT) are compared with validity parameters (from VALIDITY PARAMETER ASSIGNMENTs) to make a control.

2. The results are recorded on a CONTROL ENTRY (using CONTROL PARAMETER ASSIGNMENT(s))."
CONTROL TYPE,Class,"A classification of passenger controls, e.g., entry, exit, en route or occasional controls."
,Text,
,Text,
,Text,
DEVICE RELATED CONTROL MEANS,Class,"A specific device constituting the CONTROL MEANS to control TRAVEL DOCUMENTs.
"
CONTROL MEANS,Class,A particular means (control device or manual control procedure) used to control TRAVEL DOCUMENTs.
,Note,Control means reads travel document and checks purchase against control context.
CONTROL RECORD,Class,A LOG ENTRY recording general audit properties of a validation or control action.
CONTROL PARAMETER ASSIGNMENT,Class,An ACCESS RIGHT PARAMETER ASSIGNMENT relating a fare collection parameter to a CONTROL ENTRY.
,Text,
,Text,
CONTROL ENTRY,Class,"The description of a control action, i.e., the comparison of actual and current parameters (time, location, etc.) to the access rights to which the holder of a TRAVEL DOCUMENT is entitled."
,Note,Validation compares parameters from device or other control means (DEVICE PARAMETER ASSIGNMENT) with those of TRAVEL DOCUMENT and / or CUSTOMER PURCHASE PACKAGE (CUSTOMER PURCHASE PARAMETER ASSIGNMENT) and creates VALIDATED ACCESS with VALIDATION PARAMETER ASSIGNMENTS to record validated parameters.
VALIDATED ACCESS,Class,"A validated use of a VALIDABLE ELEMENT, composed of ACCESSED FARE STRUCTURE ELEMENTs."
,Text,
,Text,
VALIDATION PARAMETER ASSIGNMENT,Class,An ACCESS RIGHT PARAMETER ASSIGNMENT relating a fare collection parameter to a VALIDATED ACCESS or one of its components.
OFFENCE,Class,A log entry providing data on a violation of fare rules.
VALIDATION ENTRY,Class,"The result of the comparison between one or several CONTROL ENTRies and the theoretical access rights attached to the TRAVEL DOCUMENT controlled, validating the right to consume and possibly providing a DEBIT or one or more OFFENCEs."
ACCESSED FARE STRUCTURE ELEMENT,Class,"A validated use of a FARE STRUCTURE ELEMENT, composed of CONTROLLED ACCESSes."
TYPE OF OFFENCE,Class,"A classification of OFFENCE, for example wrong CLASS OF SEAT, not valid for PRODUCT CATEGORY, etc."
DEVICE PARAMETER ASSIGNMENT,Class,An ACCESS RIGHT PARAMETER ASSIGNMENT expressing the location (or other fixed parameters) of a CONTROL MEANS.
CONTROLLED ACCESS,Class,A validated use of a CONTROLLABLE ELEMENT.
,Text,
FE Account Processing MODEL,Package,
FE Passenger Travel Control MODEL,Package,
FE Passenger Travel Control Event MODEL,Package,
FE Passenger Travel Control Log Entry MODEL,Package,"Description of PASSENGER CONTROL ENTRies that result from customer travel.
"
PASSENGER SECURITY LIST CHECK EVENT,Class,"A check of some aspect of the passengers travel credentials against a SECURITY LIST, usually triggered by another PASSENGER TRAVEL CONTROL EVENT such as check in at the start of a trip."
CONTROL PASSENGER TRIP EVENT,Class,"The control of the consumption of access rights by the inspection of a TRAVEL DOCUMENT by a <font color=""#0f0f0f"">travel document inspector</font>."
,Text,
PASSENGER CHECK IN EVENT,Class,A passenger action to check in at the start of a trip.
PASSENGER WAY POINT EVENT,Class,A passenger action to check in at a way point along a trip.
PASSENGER TRAVEL CONTROL EVENT,Class,"An event concerned with validating or controlling a passengers use of the transport network.
"
,Text,
PASSENGER ACTIVATE TRIP EVENT,Class,"A passenger action to initiate the consumption of access rights, usually at the start of a trip, for example by stamping a ticket at a validator device, or by an online interaction. "
PASSENGER CHECK OUT EVENT,Class,A passenger action to check out at the end of a trip.
CONTROL REVERT FARE EVENT,Class,"A control action to reverse the consumption of access rights, usually at the start of a trip, for example by restoring the validity of a ticket that has been accidentally marked as used.
NOTE: Usually done by a ticket controller."
,Text,
,Note,"Access rights from CUSTOMER PURCHASE PACKAGE or TRAVEL DOCUMENT are compared with context of inspection (e.g., at entrance/exit, or onboard as DEVICE PARAMETER ASSIGNMENT) to create validated ACCESSED FARE STRUCTURE ELEMENTs with validated parameters (VALIDATION PARAMETER ASSIGNMENT)."
PASSENGER WAY POINT ENTRY,Class,A PASSENGER TRAVEL ENTRY recording a passenger checking in at a way point while in a trip so as to indicate travel by a specific itinerary.
FARE TRIP ACTIVATION ENTRY,Class,"<font color=""#0f0f0f"">A PASSENGER TRAVEL ENTRY recording the initiation of the consumption of access rights by a TRANSPORT CUSTOMER making a trip, for example by means of marking a TRAVEL DOCUMENT using a ticket validator machine.</font>
"
PASSENGER CHECK OUT ENTRY,Class,"A PASSENGER TRAVEL ENTRY recording the check-out of a passenger at a barrier or validation point at the end of a journey.
NOTE: May trigger post payment.
"
CONTROL PASSENGER TRIP ENTRY,Class,"A PASSENGER TRAVEL ENTRY recording the control of the consumption of access rights by the inspection of a TRAVEL DOCUMENT by a TRAVEL DOCUMENT CONTROLLER.
NOTE: May include marking (cancellation) of the TRAVEL DOCUMENT."
PASSENGER TRAVEL ENTRY,Class,An abstract VALIDATION ENTRY relating to control of the PASSENGER.
,Text,
PASSENGER CHECK IN ENTRY,Class,"A PASSENGER TRAVEL ENTRY recording the check-out of a passenger at a barrier or validation point at the end of a journey.
NOTE: May trigger prepayment.
"
CONTROL FARE REVERSION ENTRY,Class,"<font color=""#0f0f0f"">A PASSENGER TRAVEL ENTRY recording the reversal of the consumption of access rights, </font>usually at the start of a trip, for example by restoring the validity of a ticket that has been accidentally marked as used.
NOTE: Usually done by a ticket controller."
,Text,
FE Travel Match MODEL,Package,
FE Account Processing Event MODEL,Package,
FE Revenue Protection Log Entry MODEL,Package,"Description of revenue protection entries that take place through customer interaction with a fare management system.
"
FE Travel Match Log Entry MODEL,Package,
FE Travel Match Event MODEL,Package,
,Text,
,Text,
NO CHECK IN DETECTED ENTRY,Class,"A PASSENGER TRAVEL ENTRY recording the detection that a passenger has failed to check in at the end of a journey.
NOTE: This may be triggered by a subsequent check in or by back office processes looking for unmatched way point check in and check out events within a specified window."
,Text,
PASSENGER USED SAME STOP ENTRY,Class,A PASSENGER TRAVEL ENTRY recording the detection of a passenger re-entering a station within a threshold period.
,Text,
NO CHECK OUT DETECTED ENTRY,Class,"A PASSENGER TRAVEL ENTRY recording the detection that a passenger has failed to check out at the end of a journey.
NOTE: This may be triggered by a subsequent check in or by back office processes looking for unmatched check in and check out events within a specified window."
UNMATCHED TRAVEL ENTRY,Class,A PASSENGER TRAVEL ENTRY recording the detection that an incompletely recorded trip has been detected. 
ACCOUNT PROCESSING EVENT,Class,An event initiated by the processing of a CUSTOMER ACCOUNT by an Account Based Ticketing system.
,Text,
ACCOUNT DETECT SUSPICIOUS BEHAVIOUR EVENT,Class,"The detection by an Account Based Ticketing system of suspicious or fraudulent use of a TRAVEL DOCUMENT, for example being used in two different places at the same time.
"
ACCOUNT DETECT REENTRY EVENT,Class,"The detection by an Account Based Ticketing system of reentry at the same station within a specified threshold period.
"
ACCOUNT DETECT NO CHECK OUT EVENT,Class,"The detection that a passenger has failed to check out at the end of a trip.
NOTE: This may be triggered by a subsequent check in on a new journey or by back office processes looking for unmatched check in and check out events within a specified window.
"
ACCOUNT DETECT TRIP EVENT,Class,"The detection by an Account Based Ticketing system of a trip made by the user that needs to be accounted for.
"
ACCOUNT DETECT NO CHECK IN EVENT,Class,"The detection that a passenger has failed to check in at the beginning of a trip.
NOTE: This may be triggered by a subsequent check out or by back office processes looking for unmatched check in and check out events within a specified window.
"
,Text,
SECURITY LIST CHECK FAIL ENTRY,Class,"A REVENUE PROTECTION ENTRY recording the failure to pass a security check, either through being on a BLACKLIST or not being on a required WHITE LIST.
"
NO ACCESS RIGHTS ENTRY,Class,"A REVENUE PROTECTION ENTRY recording the detection of a TRANSPORT CUSTOMER travelling without having purchased access rights
"
NO PROOF ON PERSON ENTRY,Class,"A REVENUE PROTECTION ENTRY recording the detection of a customer who claims to have purchased access rights but has no proof, e.g., TRAVEL DOCUMENT on their person."
TRAVEL DOCUMENT CONFISCATION ENTRY,Class,"A REVENUE PROTECTION ENTRY recording the confiscation of a TRAVEL DOCUMENT from a TRANSPORT CUSTOMER because of an OFFENCE.
"
REVENUE PROTECTION ENTRY,Class,An abstract FARE CONTRACT ENTRY representing the recording of an event relating to revenue protection.
SUSPICIOUS BEHAVIOUR ENTRY,Class,A REVENUE PROTECTION EVENT recording the detection of suspicious behaviour.
,Text,
INSUFFICIENT ACCESS RIGHTS ENTRY,Class,"A REVENUE PROTECTION ENTRY recording the result of the comparison between one or several CONTROL ENTRies and the theoretical access rights attached to the TRAVEL DOCUMENT controlled, detecting insufficient rights to consume and possibly giving rise to a FARE DEBIT or one or more OFFENCEs."
,Text,
,Note,"A SECURITY LIST ALLOW ENTRY records the clearing of a item from a BLACK LIST or its addition to a WHITE LIST.
"
,Text,
,Note,"SECURITY LIST FAIL ENTRY is created when a TRAVEL DOCUMENT, CUSTOMER, etc., is found to be on a BLACK LIST or not on a required WHITE LIST. Normally the check will be triggered by another travel event such as PASSENGER CHECK IN, PASSENGER CHECK OUT ENTRY etc and so be associated with a specific PASSENGER TRAVEL ENTRY. "
,Note,A SECURITY LIST DENY ENTRY records the placing of a item on a BLACK LIST or removal from a WHITE LIST.
FF Sales Transaction Frame MODEL,Package,
FF Fare Frame MODEL,Package,
FF Fare Price Frame MODEL,Package,
FF Control & Validation Frame MODEL,Package,
,Text,
FARE FRAME,Class,A set of FARE data elements to which the same VALIDITY CONDITIONs have been assigned. 
FARE FRAME DEFAULTS,Class,A set of pricing parameters and values to apply to an individual element in the FARE FRAME if no explicit value is specified on the element.
,Text,
,Note,"NB Lower level detail elements are omitted.
"
,Note,"NB Lower level detail elements are omitted.
"
,Text,
,Text,
SALES TRANSACTION FRAME,Class,A set of SALES TRANSACTION data elements to which the same VALIDITY CONDITIONs have been assigned.
,Text,
,Text,
FARE PRICE FRAME,Class,A set of FARE PRICE data elements to which the same VALIDITY CONDITIONs have been assigned. 
,Text,
,Note,"NB Lower level detail elements are omitted.
"
,Text,
CONTROL AND VALIDATION FRAME,Class,A set of Validation and Control data elements to which the same VALIDITY CONDITIONs have been assigned. 
,Text,
Fare Management Glossary,Package,
FM Abbreviationa,Package,
Fare Management Terms,Package,
ABT,Class,Account Based Ticketing
AFC,Class,Automated Fare Collection
AR,Class,Access Right
EMV,Class,Europay MasterCard Visa standards for payment cards
FM,Class,Fare Model
FP,Class,Fare Pricing
FS,Class,Fare Structure
FSM,Class,Full Service Model
IFM,Class,Full Service Model
NFC,Class,"Near Field Communication
"
OCR,Class,"Optical Character Recognition
"
OJP,Class,"Open Journey Planner
"
OSDM,Class,Open Sales and Distribution Model
SD,Class,Sales Description
ST,Class,Sales Transaction
SMS,Class,Sales Transaction
VC,Class,"Validation &amp; Control
"
access right,Class,"right to consume a Public Transport service or other service provided along with the transport
"
account based ticketing,Class,"fare collection paradigm which manages ticket issuing and validation through individual customer accounts held online and controlled by means of a token used on paper or electronic materialisations of a travel document
"
activation,Class,"triggering of the use of access rights and initiation of consumption
"
anonymous customer,Class,"CUSTOMER whose identity is not visible from their TRAVEL DOCUMENT, but who may be nevertheless be a registered customer using an anonymous token, in contrast to an impersonal customer, of whom the service operator has no individual knowledge
"
automated fare collection system,Class,"fare collection system capable of automatically determining which products the customer must purchase according to the travel he consumes
"
,Text,
base price,Class,"price that is provided as a fixed absolute amount and from which other prices may be derived

"
booking,Class,"placing of a reservation to use a specific transport service, but not necessarily entailing a purchase of a ticket

"
blacklist,Class,"revenue protection mechanism taking the form of a security list identifying travel documents, media, etc. for which the validity has been cancelled temporarily (denial) or permanently (refusal) and which will be used to block access to services for customers bearing documents associated with items on the list

"
cancellation,Class,"marking of a TRAVEL DOCUMENT as having been used
"
capping,Class,"setting of an upper limit on the price of the consumption of access rights within a certain period
"
card-centric,Class,"form of media centric ticketing where the media is a smart card
"
classical ticketing,Class,"non-electronic fare management and ticketing using paper and passive media travel documents, usually for a single operator and for simple products such as single tips, return trips or period passes.

"
control,Class,"checking of a passengerâ€™s entitlement to consume access rights, involving identification of the traveller and/or the travel rights

"
consumption,Class,"using up of access right by a transport customer as a result of travel
"
credentials,Class,"data or other mechanisms used to authenticate an actor to a system as a legitimate participant

"
derived price,Class,"price that can be computed from another base price using pricing parameters and a pricing rule

"
distributor,Class,"party who sells products on behalf of other product owners

"
dynamic price,Class,"price that is fetched at run time from a pricing engine as opposed to a static or derived price
"
easement,Class,"change to the normal access rights given to passengers because of a disruption to the network

"
embargo date,Class,"date before which information about a price or product is not to be released to the public
"
fare,Class,"from the customer perspective, the amount that a customer has to pay for a journey or for acquiring a specific fare product
"
fare set,Class,"particular version of all aspects of the fare structure, i.e., of the rules and associated parameter values, also called a â€˜tariff
"
fare structure,Class,"set of parameters that determine the basic tariffs

"
fare token,Class,"materialisation of a travel document, i.e. ticket, as an anonymous physical object, such as a coin-like object that is captured at validation and subsequently reused; or an ephemeral paper representation that is cancelled

"
flat faret,Class,"fare that does not increase in proportion to distance or other measure of consumption (and so typically cannot be derived by calculation)

"
fulfilment,Class,"delivery of a TRAVEL DOCUMENT to the customer once it has been ordered or purchased
"
graduated fare,Class,"type of progressive fare, i.e., one that increases in proportion to consumption, where the increase is based in a distance increment
"
identity token,Class,"secure, machine-readable instantiation in media of an identity
"
impersonal customer,Class,"CUSTOMER whose identity is not known in any way to the operator, for example the purchaser of a paper metro ticket"
interlining trip,Class,"customer trip made using a single medium and/or fare product that starts in one PT network and ends in another, in contrast to a local trip or a roaming trip"
interoperable fare management system,Class,"fare system which is interoperable with other fare systems, possessing all the functions involved in the fare management process such as management of application, products, security and certification, registration, and identification to enable customers to travel with participating service operators using a single portable electronic medium"
inventory controlled product,Class,"FARE PRODUCT whose supply is constrained by the service provider, such that only a set quota of capacity is available on a given journey
"
local trip,Class,"trip made entirely within the home network of a fare product
"
local use fare product,Class,"fare productÂ Â which can only be used on the operator&#8217;s own network, in contrast to a roaming product
"
marking,Class,"stamping or defacing a travel document to indicate that it has been activated and its rights consumed or partially consumed
"
media,Class,"physical support containing a machine readable/writable data/processor application, such as transport industry smartcards, payment industry contactless cards, public sector issued cards, mobile phones or paper (for barcodes), new formats such as watches and key fobs, plus NFC mobile

"
media centric ticketing,Class,"ticketing paradigm under which the product sold is held entirely on some form of local media and any validation and charging is done immediately against the cardâ€™s contents
"
pay as you go,Class,"type of reusable fare product giving the right to travel where the user is charged for access rights at the point of consumption or sometime after completing consumption,
"
post-paid ticketing,Class,"type of fare management according to which the user is charged at some time after using the transport service

"
prepaid ticketing,Class,"type of fare management according to which the user is charged for either a fare product (ticket) or a deposit prior to riding

"
price,Class,"value of fare or tariff


"
progressive fare,Class,"fare that increases in proportion to consumption of space and/or time

"
registration,Class,"enrolment of a customer as a user of a fare system


"
retailer,Class,"actor who sells products directly to the end customer (as opposed to a distributor)
"
roaming trip,Class,"customer trip using a single medium and/or fare product from one operator made entirely inside another operatorâ€™s PT network, in contrast to a local trip or an interlining

"
roaming fare product,Class,"fare product that is issued by one operator but valid on the network of another operator (in contrast to a local product)

"
static price,Class,"price that is precomputed and explicitly distributed, as opposed to a derived or dynamic price
"
status of consumption,Class,"status indicating whether a given access right included in a customer purchase has been activated, consumed, etc.

"
tap,Class,"industry term for the record of a customerâ€™s interaction with the system that may be collected for interoperable fare management including, in particular, any sort of validation entry returned with specific data from validation devices to the back office in an Account Based System
"
tap in / out,Class,"the process of using a mobile device or EMV card to interact with a NFC wireless validation device to check in or out (or at a waypoint) of a fare control system
"
validation,Class,"verification that an access right is valid, has been or is being consumed, and that this consumption is allowed, achieved by checking the validity of the passengerâ€™s travel rights and comparing them to the parameters collected by the previous inspections and/or inspection context
"
waypoint,Class,"an intermediate point along a route that a user making a trip may tap in at in order to prove that they followed a particular routing
"
,Text,
,Text,
PI Functional Requests MODELs [INFORMATIVE]],Package,
TD Trip Description MODELs,Package,
PI Passenger Information VIEWS,Package,
ProxyConnector,ProxyConnector,
ProxyConnector,ProxyConnector,
,Text,
,Text,
TD Passenger Trip Connection MODEL,Package,
TD Trip Duration MODEL,Package,
TD Passenger Trip MODEL,Package,
TD Passenger Travel MODEL,Package,
TD Passenger Fare Offer MODEL,Package,
TD Monitored Trip MODEL,Package,
TD Alternative Mode Trip MODEL,Package,
,Note,PERSONAL LEG will have PERSONAL MODE OF OPERATION
,Text,
,Note,ALTERNATIVE MODE LEGs will be for one of the specialisations of ALTERNATIVE MODE OF OPERATION
,Note,"PT RIDE LEGs will be for one of the specialisations of CONVENTIONAL MODEs OF OPERATION
"
,Note,CONNECTION LEG usually uses ACCESS MODEs
PT TRIP,Class,"A<font color=""#0f0f0f""> part of a TRIP PATTERN consisting of a continuous sequence of PT RIDE LEGs and CONNECTION LEGs.</font>
<font color=""#0f0f0f"">Note: IT must not contain any ACCESS LEGs or PERSONAL LEGs</font>"
PT RIDE LEG ,Class,"A part of a TRIP PATTERN corresponding to the movement of a user (passenger, driver) on one and only one public transport vehicle (such as a train bus, ferry) from one SCHEDULED STOP POINT to another, on one JOURNEY PATTERN operating in a conventional MODE OF OPERATION."
,Note,ACCESS LEG are normally in ACCESS MODEs.
LEG TRACK,Class,"The spatial projection of the leg as a set of coordinate points for a specific purpose., such as displaying it on a map."
PATH GUIDANCE,Class,An instruction to a passenger for an individual step when following a path between the start and the end of a TRANSFER LEG.
,Note,PT TRIP is made up of ACCESS LEGs and PT RIDE LEGs
TRIP REASON,Class,"A classification of a passenger's reason for undertaking a TRIP PATTERN, e.g., work commute, school pick up, shopping, etc."
NON-PT TRIP,Class,"A<font color=""#0f0f0f""> part of a TRIP PATTERN consisting of a continuous sequence of PERSONAL LEGs and TRANSFER LEGs.</font>
<font color=""#0f0f0f"">Note: IT must not contain any PT RIDE LEGs.</font>
"
,Text,
MIXED TRIP,Class,"A<font color=""#0f0f0f""> part of a TRIP PATTERN that mixes both PT RIDE LEGs and PERSONAL LEGs.</font>
"
TRIP PATTERN,Class,"A movement of a passenger (or another person, e.g., driver) from an origin to a destination PLACE, done for a specific TRIP REASON.
A TRIP PATTERN may consist of one or more consecutive TRIPs<font color=""#0f0f0f"">.</font>"
ACCESS LEG,Class,"A part of a TRIP PATTERN corresponding to the movement of a passenger when not on a public transport vehicle, from an origin PLACE to a SCHEDULED STOP POINT or VEHICLE MEETING POINT, or from a SCHEDULED STOP POINT or VEHICLE MEETING POINT to a destination PLACE. 
NOTE: May reference an ACCESS.
"
,Text,
,Text,
,Text,
,Text,
LEG,Class,"<font color=""#0f0f0f"">A part of a TRIP PATTERN corresponding to the movement of a user in a single vehicle, or a pedestrian mode such as walking.</font>
"
PERSONAL LEG ,Class,"A part of a TRIP PATTERN corresponding to the movement of a user from one PLACE to another, where the TRIP is made entirely by personal means, and neither of the endpoints is a SCHEDULED STOP POINT or VEHICLE MEETING POINT."
,Note,"PT RIDE LEG is in PT VEHICLE MODEs only.

"
,Text,
TRIP,Class,"A part of a TRIP PATTERN describing the movement of a passenger from one PLACE of any sort to another.
NOTE: A TRIP may consist of one or more consecutive LEGs having some common characteristics."
,Text,
RIDE LEG ,Class,"<font color=""#0f0f0f"">A part of a TRIP PATTERN corresponding to the movement of a user on one single vehicle in any public transport.</font>
"
TRANSFER LEG ,Class,"<font color=""#0f0f0f"">A part of a TRIP PATTERN corresponding to the TRANSFER of a user between two points located sufficiently close to include in a trip plan, e.g., for access or to make a connection.</font>
"
TRAVEL,Class,A sequence of TRIP PATTERNs made by a passenger.
TRAVELLING ENTITY,Class,A moving person or object following a TRIP PATTERN.
,Text,
TRAVEL FLOW,Class,A summary of the TRAVELs made by many passengers
TYPE OF TRAVELLING ENTITY,Class,"A classification of a TRAVELLING ENTITY, e.g., as person, family, cyclist, driver in car, tracked mobile phone, etc. 
"
TYPE OF PASSENGER,Class,A classification of passenger.
,Text,
,Text,
MONITORED LEG CALL PART,Class,A view that brings together data to present to a passenger making a specific MONITORED TRIP relating to the arrival to or the departure from a POINT IN JOURNEY PATTERN in a DATED VEHICLE JOURNEY. 
MONITORED TRIP PATTERN,Class,"A monitored passenger movement from an origin to a destination PLACE, consisting of one or more MONITORED LEGs undertaken in sequence.
"
MONITORED TRIP,Class,"A part of a MONITORED TRIP PATTERN corresponding to the movement of a passenger from one PLACE of any sort to another as one or more LEGS, possibly with some common characteristics"
,Text,
MONITORED LEG DEPARTURE,Class,A view that brings together data to present to the passenger making a specific MONITORED TRIP relating to the departure from a POINT IN JOURNEY PATTERN in a DATED VEHICLE JOURNEY. 
TRIP PATTERN MONITORING,Class,Real-time monitoring of a passenger movement to provide progress information for a passenger.
,Text,
MONITORED LEG CALL,Class,"Data to present to a passenger making a specific MONITORED TRIP relating to the status of an individual visit by a VEHICLE JOURNEY to a POINT IN JOURNEY PATTERN.
NOTE: May be for origin, destination, and intermediate points.
"
MONITORED LEG PROGRESS,Class,The relative progress of a passenger along a LEG. 
MONITORED LEG,Class,"A part of a MONITORED TRIP PATTERN corresponding to the movement of a user in a single vehicle, or a pedestrian mode such as walking.
"
MONITORED LEG ARRIVAL,Class,A view that brings together data to present to a passenger making a specific MONITORED TRIP relating to the arrival at a POINT IN JOURNEY PATTERN of a DATED VEHICLE JOURNEY. 
TRIP MONITORING LOG ENTRY,Class,"A record of computed information describing some aspect of how a certain LOGICAL VEHICLE performs in relation to the latest operation plan based on comparing information from detection devices with operational data.

"
,Text,
,Text,
,Text,
,Text,
,Text,
,Note,Diagram shows common parameters that characterise a PT FARE. Further parameters are possible.
,Note,Diagram shops common parameters that characterise a PT FARE. Further parameters are possible.
PASSENGER FARE OFFER,Class,"An available fare for a specific PT RIDE LEG in a PT TRIP or for the whole PT TRIP, or for the whole TRIP PATTERN.
NOTE: The fare may be restricted to particular products and conditions as described by SPECIFIC PARAMETER ASSIGNMENTs."
FARE OFFER PRICE,Class,"A set of all possible price features of a FARE OFFER, discount in value or percentage, etc."
,Text,
,Text,
,Note,"Mean Interchange time can be computed using most specific information available out of the following:
(1) Default Interchange time for MODE, any SITE (DEFAULT CONNECTION).
(2) Default Interchange time for specific SITE (SITE CONNECTION).
(3) Interchange time for specific CONNECTION.
(4) Specific Transfer Duration for specific NAVIGATION PATH, taking into account CHECK CONSTRAINTs for current VALIDITY CONDITION. 
"
,Text,
MEAN RUN TIME,Class,"An estimated value of the mean run time on a TIMING LINK, used to inform passengers on the mean duration of trips."
MEAN INTERCHANGE TIME,Class,"An estimated value of the mean time to make an INTERCHANGE, used to inform passengers on the mean duration of trips.
NOTE: May be derived from low level breakdown."
MEAN PASSENGER WAIT TIME,Class,"An estimated mean waiting time for a passenger at a SCHEDULED STOP POINT, used to calculate the approximate duration of a trip.
NOTE: This value is estimated from the mean interval between vehicles on a JOURNEY PATTERN or a COMMON SECTION."
,Text,
,Text,
,Text,
,Note,"<p align=""right"" dir=""rtl"">Definition to be extended since CONNECTION can now also go to Alternative Modes MEETING POINT WITH VEHICLE 
</p><p dir=""rtl"">&nbsp;</p>"
ALTERNATIVE MODE LEG,Class,"A part of a TRIP PATTERN corresponding to the movement of a user (passenger, driver) using an ALTERNATIVE MODE OF OPERATION from one PLACE to another and that is not an ACCESS LEG nor a CONNECTION LEG.
"
NOT MANDATORY,Boundary,
,Text,
,Text,
,Text,
TYPE OF GUARANTEE,Class,A classification of the type of guarantee offered for a given leg. 
CONNECTION LEG,Class,"A part of a TRIP PATTERN corresponding to the movement of a passenger transferring from one SERVICE JOURNEY to another, made over a CONNECTION from one SCHEDULED STOP POINT (or VEHICLE MEETING POINT) to another, and possibly following a specific NAVIGATION PATH<font color=""#0f0f0f"">.</font>"
,Text,
,Constraint,PT RIDE LEG is a CONVENTIONAL MODE OF OPERATION
QC Common Query MODEL,Package,
FQ Fare Product Query MODEL,Package,
QR Schedule Query MODEL,Package,
QR Stop Event Query MODEL,Package,
QR Location Query MODEL,Package,
QR Trip Query MODEL,Package,
QR Situation Query MODEL,Package,
FQ Stop Fare Query MODEL,Package,
QR Exchange Points Query MODEL,Package,
FQ Trip Fare Query MODEL ,Package,
QR Service Journey Query MODEL,Package,
QR Alternative Modes Trip Query MODEL,Package,
QR Offered Journeys Query MODEL,Package,
QR Single Journey Query MODEL,Package,
,Text,
QR Mobility Service Query MODEL,Package,
QR Organisation Query MODEL,Package,
QR Vehicle Type Query MODEL,Package,
PI REQUEST POLICY,Class,"<font color=""#0f0f0f"">Optimisation criteria to be used when computing and decorating the results for the PI REQUEST.</font>
"
PARTICIPANT SYSTEM,Class,"A SYSTEM supporting a service to fulfil specific types of PI REQUESTs.
NOTE: May be associated with one or more DATA SOURCEs."
,Text,
TYPE OF REQUEST,Class,A classification of PI REQUESTs.
,Text,
,Text,
,Text,
PI REQUEST FILTER,Class,"<font color=""#0f0f0f"">Filtering criteria to be used when computing the results for a PI REQUEST.</font>
"
PI REQUEST,Class,A request for specific information on public transport.
PI DELIVERY,Class,"A connection of a passenger to the operator information system, directly or via an employee, including one or several queries, and returning results."
,Note,Can be used to provide persistent values for request based on customer preferences and customer existing entitlements.
,Note,Existing products and entitlements already owned by the customer can be used to process and filter query results
,Note,Delivery includes the original request so that request parameters are available with delivery.
,Note,Specialisations of LOG ENTRY can record the outputs of the Request/Response
TripPointUsageType,Enumeration,Usage of Point
,Text,
,Text,
EXCHANGE POINTS REQUEST POLICY,Class,Optimisation criteria to be used to when executing an EXCHANGE POINT REQUEST.
EXCHANGE POINTS DELIVERY,Class,The result returned by an EXCHANGE POINTS REQUEST.
EXCHANGE POINTS REQUEST,Class,A PI REQUEST to find POINTs that can be used in distributed trip planning as common boundary SCHEDULED STOP POINTs between adjacent regions of separate data coverage.
,Text,
EXCHANGE POINTS REQUEST FILTER,Class,Filter parameters used to limit the results of the EXCHANGE POINTS REQUEST.
LOCATION DELIVERY,Class,A specialization of PI DELIVERY to make one or more LOCATION REQUESTs.
PLACE RESULT,Class,Information on a place returned as part of LOCATION DELIVERY.
LOCATION REQUEST,Class,A PI REQUEST to find a stop.
LOCATION PLACE FILTER,Class,Filter parameters used to limit the PLACE related results of the LOCATION REQUEST.
,Text,
LOCATION GEOMETRY RESTRICTION,Class,Filter parameters used to limit the spatial results of the LOCATION REQUEST.
LOCATION REQUEST POLICY,Class,Optimisation criteria to be used to when finding and decorating trip stops.
,Text,
,Text,
,Text,
STOP EVENT REQUEST,Class,A PI REQUEST about arrivals and departures from a given stop and/or LOGICAL DISPLAY at that stop.
,Text,
,Text,
STOP EVENT DELIVERY,Class,A specialization of PI DELIVERY to make one or more STOP EVENT REQUESTs.
,Text,
,Text,
STOP EVENT REQUEST POLICY,Class,Optimisation criteria to be used to when computing and decorating STOP EVENT REQUEST results.
STOP EVENT REQUEST CONTENT FILTER,Class,Filter parameters used to limit the results of the STOP EVENT REQUESTs.
,Text,
,Text,
,Text,
SCHEDULE REQUEST POLICY,Class,Optimisation criteria to be used to when computing and decorating SCHEDULE REQUEST results.
SCHEDULE DELIVERY,Class,A specialization of PI DELIVERY to make one or more SCHEDULE REQUESTs.
SCHEDULE REQUEST,Class,A PI REQUEST about public timetables.
SCHEDULE REQUEST CONTENT FILTER,Class,Filter parameters used to limit the results of the SCHEDULE REQUEST.
,Text,
TRIP PROFILE REQUIREMENTS,Class,"<font color=""#0f0f0f"">The number and characteristics of the persons wishing to travel</font>."
,Note,Parameters are equivalent to a TRAVEL SPECIFICATION 
,Text,
TRIP MOBILITY FILTER,Class,Filter parameters determined by accessibility criteria.
,Text,
TRIP REQUEST FILTER,Class,Filter parameters common to TRIP REQUESTs.
,Text,
,Note,"Origin, destination and via points may be identified as points, zones, stops, addresses, or as names,"
,Text,
TRIP DELIVERY,Class,A specialisation of PI DELIVERY to make one or more TRIP REQUESTs.
TRIP ACCESS CONSTRAINT,Class,"Parameters limiting the time and nature of the access leg used to reach the PT stop (e.g., to be able to specify ""Walk up to 5 minutes"", ""cycle up to 20 minutes"", ""drive up to 30 minutes"", etc.)."
TRIP DESTINATION PLACE,Class,A destination location for a TRIP REQUEST. 
TRIP REQUEST,Class,"A PI REQUEST to make an optimal trip proposal, according to a specified TRIP REQUEST POLICY."
TRIP VIA PLACE,Class,A routing location used to constrain the journeys returned; only VEHICLE JOURNEYs whose JOURNEY PATTERNs do or do not pass through the specified points will be returned.
TRIP ORIGIN PLACE,Class,"An origin location for a TRIP REQUEST. 
"
,Text,
TRIP REQUEST PLACE,Class,"Origin, destination or via locations of a trip subject of a TRIP REQUEST."
TRIP REQUEST POLICY,Class,Optimisation criteria to be used to when computing and decorating trip plans.
,Note,Travel time constraint: Leave by / Arrive by
,Note,"characteristics referring to the type of user, existing access rights, etc."
,Note,characteristics referring to accessibility requirements
,Text,
,Text,
SERVICE JOURNEY REQUEST,Class,A PI REQUEST to find information about a specific SERVICE JOURNEY.
,Text,
,Text,
SERVICE JOURNEY DELIVERY,Class,A specialisation of PI DELIVERY to respond to one or more SERVICE JOURNEY REQUESTs.
SERVICE JOURNEY REQUEST POLICY,Class,"<font color=""#0f0f0f"">Criteria to be used to when computing and decorating results for a </font>SERVICE JOURNEY REQUEST."
SERVICE JOURNEY REQUEST FILTER,Class,Filter parameters used to limit the results of the EXCHANGE POINTS REQUEST.
SITUATION REQUEST POLICY,Class,Optimisation criteria to be used to when finding SITUATIONs.
,Text,
,Text,
SITUATION REQUEST,Class,A PI REQUEST to find extant SITUATIONs.
,Text,
MESSAGE REQUEST FILTER,Class,Filter parameters used to limit the results of the SITUATION REQUEST.
,Text,
SITUATION DELIVERY,Class,The result returned by a SITUATION REQUEST.
SITUATION REQUEST FILTER,Class,Filter parameters used to limit the results of the SITUATION REQUEST.
TARIFF ZONE IN AREA,Class,Association of a Stop with a tariff Zone.
,Note,The fare product owner or other organisation(s) providing fare products for the tariff zone.
STOP FARE REQUEST,Class,A PI REQUEST to find the fares products for a stop.
,Text,
,Text,
,Text,
,Text,
STOP FARE DELIVERY,Class,A specialization of PI DELIVERY that returns the tariff zones for a stop.
STOP FARE REQUEST FILTER,Class,Parameters controlling the type of fares returned by a STOP FARE REQUEST.
STOP FARE REQUEST POLICY,Class,Optimisation criteria to be used when computing and decorating TRIP FARE REQUEST results.
FQ Common Trip Fare Query MODEL,Package,
FQ Single Trip Fare Query MODEL,Package,
FQ Repeated Trip Fare Query MODEL,Package,
,Text,
TRIP FARE REQUEST FILTER,Class,Parameters controlling the type of fares returned by a TRIP FARE REQUEST.
TRIP FARE REQUEST POLICY,Class,Optimisation criteria to be used when computing and decorating TRIP FARE REQUEST results.
TRIP FARE REQUEST,Class,A PI REQUEST about fares for a TRIP or TRIP LEG.
,Text,
,Text,
TRIP FARE DELIVERY,Class,A specialization of PI DELIVERY returning the results for a TRIP FARE REQUEST.
,Text,
,Note,"Different PARAMETER ASSIGNMENTs may be used separately in VALIDABLE ELEMENT, FARE PRODUCT, SALES OFFER PACKAGE, and CUSTOMER PURCHASE PACKAGE."
SINGLE TRIP FARE REQUEST,Class,A TRIP FARE REQUEST about fares for a single trip or return trip.
,Text,
,Text,
,Text,
,Note,"Characteristics referring to the type of user, existing access rights, etc."
,Note,"characteristics referring to the luggage: carry on, check-in etc"
,Note,Additional parameters can be specified using TRAVEL SPECIFICATION
,Note,"characteristics referring to the type of luggage: carry on, check-in etc"
REPEATED TRIP FARE REQUIREMENTS,Class,"<font color=""#0f0f0f"">The characteristics of a repeated trip, for example, number of trips per day, etc.</font>"
,Text,
,Text,
REPEATED TRIP FARE REQUEST,Class,A TRIP FARE REQUEST about the best fare products to use for repeated similar trips.
,Text,
,Text,
,Text,
FARE PRODUCT DELIVERY,Class,A specialization of PI DELIVERY that returns details of FARE PRODUCTS.
,Text,
,Text,
FARE PRODUCT REQUEST FILTER,Class,Parameters controlling the type of fares returned by a FARE PRODUCT REQUEST.
,Text,
FARE PRODUCT REQUEST,Class,A PI REQUEST to find details about a FARE PRODUCT or SALES OFFER PACKAGE.
FARE PRODUCT REQUEST POLICY,Class,Optimisation criteria to be used when computing and decorating FARE PRODUCT REQUEST results.
,Text,
,Text,
,Text,
,Note,Parameters are equivalent to a TRAVEL SPECIFICATION 
,Note,"Origin, destination and via points may be identified as points, zones, stops, addresses, or as names."
,Text,
,Text,
,Text,
,Text,
,Text,
SINGLE JOURNEY REQUEST POLICY,Class,"<font color=""#0f0f0f"">Criteria to be used to when computing and decorating results for a SINGLE JOURNEY </font>REQUEST."
SINGLE JOURNEY DELIVERY,Class,"A specialisation of PI DELIVERY to respond to one or more <font color=""#0f0f0f"">SINGLE JOURNEY </font>REQUESTs"
SINGLE JOURNEY REQUEST,Class,"A PI REQUEST to make an trip proposal of possible SINGLE JOURNEYs, according to a specified SINGLE JOURNEY TRIP REQUEST POLICY.
"
,Text,
SINGLE JOURNEY REQUEST FILTER,Class,Filter parameters used to limit the results of the SINGLE JOURNEY REQUEST.
,Text,
MOBILITY SERVICE REQUEST POLICY,Class,"<font color=""#0f0f0f"">Criteria to be used to when computing and decorating results for a MOBILITY SERVICE REQUEST.</font>"
MOBILITY SERVICE DELIVERY,Class,"A specialisation of PI DELIVERY to respond to a <font color=""#0f0f0f"">MOBILITY SERVICE REQUEST.</font>
"
MOBILITY SERVICE REQUEST,Class,"A PI REQUEST to find available <font color=""#0f0f0f"">MOBILITY SERVICEs.</font>
"
,Text,
,Text,
MOBILITY SERVICE GEOMETRY RESTRICTION,Class,Filter parameters used to limit the spatial results of the MOBILITY SERVICE REQUEST.
,Text,
MOBILITY SERVICE REQUEST FILTER,Class,Filter parameters used to limit the results of the MOBILITY SERVICE REQUEST.
ORGANISATION REQUEST,Class,A PI REQUEST to find information about one or more ORGANISATIONs.
ORGANISATION DELIVERY,Class,A specialisation of PI DELIVERY to respond to one or more ORGANISATION REQUESTs.
ORGANISATION REQUEST POLICY,Class,"<font color=""#0f0f0f"">Criteria to be used to when computing and decorating results for an ORGANISATION </font>REQUEST."
,Text,
,Text,
,Text,
,Text,
ORGANISATION REQUEST FILTER,Class,Filter parameters used to limit the results of the ORGANISATION REQUEST.
,Text,
,Text,
VEHICLE TYPE REQUEST POLICY,Class,"<font color=""#0f0f0f"">Criteria to be used to when computing and decorating results for a VEHICLE TYPE REQUEST.</font>"
VEHICLE TYPE DELIVERY,Class,"A specialisation of PI DELIVERY to respond to a <font color=""#0f0f0f"">VEHICLE TYPE REQUEST.</font><u> </u>
"
VEHICLE TYPE REQUEST,Class,"A PI REQUEST to find the available VEHICLE TYPEs<font color=""#0f0f0f""> and their features.</font>"
,Text,
,Text,
,Text,
VEHICLE TYPE REQUEST FILTER,Class,Filter parameters used to limit the results of the VEHICLE TYPE REQUEST.
AM Reusable Component MODELs (RC),Package,
Alternative Mode MODELs (AM),Package,
,Text,
AM Online Service MODEL,Package,
AM Responsibility VIEW,Package,
AM Mobility Service MODEL,Package,
TYPE OF MOBILITY SERVICE,Class,"<font color=""#0f0f0f"">Classification of MOBILITY SERVICE</font>
"
TAXI SERVICE,Class,A type of VEHICLE POOLING SERVICE where the service may be regulated according to a particular taxi policy.
,Note,typically car pooling offer
,Text,
VEHICLE RENTAL SERVICE,Class,A transport service offer related to VEHICLE RENTAL.
CHAUFFEURED VEHICLE SERVICE,Class,A type of VEHICLE POOLING SERVICE which can only be used by prior arrangement and where the driver has a commercial agreement with the user.
VEHICLE SHARING SERVICE,Class,A transport service offer related to VEHICLE SHARING.
,Note,"CYCLE SHARING
FREE -FLOATING CYCLE SHARING
MINICAB (VTC)
etc."
VEHICLE POOLING SERVICE,Class,A transport service that connects users (driver and passenger(s) to carry out SINGLE JOURNEYs.
,Note,"<b>Data Management Role</b>
Data Origination
Data Augmentation
Data Aggregation
Data Distribution
Data Ownership
Other
<b>
</b><b>Stakeholder Role</b>
Planning
Operation
Control
Data IPR Ownership
Entity Legal Ownership
Other"
COMMON VEHICLE SERVICE,Class,A transport service offer related to VEHICLEs.
MOBILITY SERVICE,Class,"<font color=""#445469"">An alternative mode transport service available over a widespread area<b>, </b>for example, car pooling, rental, etc. </font>NOTE: <font color=""#445469"">The service may be accessible at designated SITEs</font>"
GENERAL POOLING SERVICE,Class,A transport service that connects private vehicle owners and passenger(s) to carry out SINGLE JOURNEYs.
,Text,
TYPE OF RENTAL POLICY,Class,"<font color=""#0f0f0f"">Type of rental policy applying to hire, (e.g. specified drop-off place)</font>.
"
ONLINE SERVICE,Class,"Any remotely accessible service providing access to any mode of transportation and/or information related to transportation services.
"
,Note,This relationship describes the assignment of the management role of an ORGANISATION (here ONLINE SERVICE OPERATOR) to the ONLINE SERVICE.
,Text,
ONLINE SERVICE OPERATOR,Class,An ORGANISATION that provides online access to an ONLINE SERVICE without necessarily operating transport services.
ONLINE SERVICE OPERATOR ROLE,Class,"The role of an ORGANISATION that provides an online service to the customer who uses a product - in particular, the carrier role for public transport, but also possibly ancillary services such as catering, baggage handling, parking, etc.
"
,Text,
,Text,
,Note,"This MODEL makes it possible to assign to any of the AM Services ORGANISATIONs with a particular RESPONSIBILITY ROLE. Examples of different RESPONSIBILITY ROLEs in this context are: financing role, vehicle fleet owner role, fleet operator role, etc
"
,Note,MOBILITY SERVICE is an entity so can be assigned a RESPONSIBILITY SET
AM Topology MODELs,Package,
SJ Single Journey MODELs,Package,
AM Fare Management MODELs,Package,
AM Traveller Information Service MODELs,Package,
AM Explicit Frame MODELs,Package,
AM Event MODEL,Package,
AM Vehicle Meeting Point and Link MODEL,Package,
AM Meeting Place MODEL,Package,
AM Alternative Mode Connections VIEW,Package,
AM Vehicle Meeting Point Assignment MODEL,Package,
AM Vehicle Service Place Assignment MODEL,Package,
AM Service Coverage VIEW,Package,
AM Mobility Service Constraint Zone MODEL,Package,
VEHICLE TYPE ZONE RESTRICTION,Class,"Restriction on Zone use for a specific TRANSPORT TYPE 
"
,Text,
MOBILITY SERVICE CONSTRAINT ZONE,Class,"ZONE defining a restriction on used of a MOBILITY SERVICE, e.g. no entry, no drop off, etc."
Service Zone Use ALLOWED VALUES,Class,Allowed values for Zone Use.
TYPE OF ZONE RESTRICTION,Class,"A classification of restriction on a MOBILITY SERVICE CONSTRAINT ZONE, for example cannot pick up in zone, forbidden zone, must pick up in zone, etc, etc.
"
POOL OF VEHICLES,Class,"A set of vehicles assigned to a specific PARKING, PARKING AREAs, PARKING BAYs, or to a MOBILITY CONSTRAINT ZONE, that must be picked up and returned to the same area."
,Text,
VEHICLE MEETING POINT,Class,A POINT where drivers can pick up/drop off vehicles and passengers can board on (or alight from) vehicles in an ALTERNATIVE MODE OF OPERATION.
VEHICLE MEETING LINK,Class,A LINK between an ordered pair of VEHICLE MEETING POINTs.
,Text,
,Text,
,Text,
VEHICLE POOLING PARKING AREA,Class,"A dedicated space of a PARKING AREA for either vehicles active in a VEHICLE POOLING SERVICE or vehicles of pooling service users, where vehicles can be left for a long time.
"
VEHICLE MEETING PLACE,Class,"A place where vehicles and passengers meet to change mode of transportation, for boarding, alighting, pick-up, drop-off, etc."
VEHICLE POOLING MEETING PLACE,Class,"A meeting place for VEHICLE POOLING, designated or agreed by the vehicle pooling driver and the traveller, i.e., where drivers and passengers meet for pick up/ drop off. "
VEHICLE POOLING PARKING BAY,Class,"A dedicated spot to park either a vehicle active in a pooling service or a vehicle of a pooling service user.
"
VEHICLE SHARING PARKING BAY,Class,A spot in the PARKING AREA dedicated to vehicle sharing or rental.
VEHICLE SHARING PARKING AREA,Class,"A dedicated part of the PARKING AREA for vehicle sharing or rental which is composed of one or more VEHICLE SHARING PARKING BAYs.
"
,Note,Inherited from SITE COMPONENT.
,Text,
VEHICLE POOLING PLACE ASSIGNMENT,Class,"The allocation of a VEHICLE POOLING SERVICE to a VEHICLE POOLING PARKING AREA or a VEHICLE POOLING MEETING PLACE
"
,Constraint,
VEHICLE SHARING PLACE ASSIGNMENT,Class,"The allocation of a VEHICLE SHARING AREA to any vehicle sharing or rental service

"
TAXI SERVICE PLACE ASSIGNMENT,Class,"The allocation of a TAXI SERVICE to a TAXI PARKING AREA or a TAXI STAND.

"
,Text,
VEHICLE SERVICE PLACE ASSIGNMENT,Class,The allocation of a VEHICLE SERVICE to a SITE ELEMENT or a VEHICLE MEETING PLACE.
,Text,
,Text,
VEHICLE MEETING POINT ASSIGNMENT,Class,The allocation of a VEHICLE MEETING POINT to a SITE COMPONENT (for vehicle pooling or vehicle sharing purposes) 
,Note,"Can be
- a vehicle pick up/drop off point (for self-drive and carpooling drivers)
- a meeting point between passenger and vehicle to board or alight
"
,Note,"The exclusion expresses the fact that if one CONNECTION END is assigned to a SCHEDULED STOP POINT, the other CONNECTION END may be any SITE COMPONENT except the STOP PLACE assigned to the SCHEDULED STOP POINT."
,Note,This represents a modal transfer between Conventional Mode and Alternative Modes 
,Constraint,Exclusion
,Constraint,exclusion
,Constraint,Exclusion
,Note,"This represents a PARKING as a ""Park and Ride""opportunity: one end of the CONNECTION is a PARKING, the other end a public transport STOP PLACE"
,Note,will be used to qualify a Park and Ride
,Text,
SJ Single Journey Route MODEL,Package,
SJ Single Journey Service MODEL,Package,
,Note,"Characterising a set of road elements related to a ROUTE LINK, providing information for a certain MODE like:
<ul>
<li>LANE PRIORITY</li><li>LANE RESTRICTION</li><li>SHARED LANE</li><li>etc,</li></ul><p/>"
SINGLE JOURNEY PATH,Class,"An ordered list of POINTs IN SINGLE JOURNEY PATH on a single ROUTE, describing the pattern of working for an ALTERNATIVE MODE service.
NOTE1: A SINGLE JOURNEY PATH may pass through the same POINT more than once.
NOTE2: SINGLE JOURNEY PATH are mostly used to defined PATHs used by several SINGLE JOURNEYs.
"
,Text,
VEHICLE MEETING POINT IN PATH,Class,One VEHICLE MEETING POINT that can be the start or the end of a SINGLE JOURNEY PATH.
,Note,For ALTERNATIVE MODE OF OPERATION: calendar day
GROUP OF SINGLE JOURNEYS,Class,"<font color=""#0f0f0f"">A set of SINGLE JOURNEYs grouped together for a functional purpose. </font>"
SINGLE JOURNEY,Class,"The planned movement of any type of vehicle from the start point to the end point of a JOURNEY on a specified route.

"
,Note,For ALTERNATIVE MODE OF OPERATION: calendar day
,Text,
AM Fare Description MODELs ,Package,
AM Customer Transaction MODELs,Package,
AM Mobility Service Pricing MODEL,Package,
AM Alternative Modes Fare Contract Information VIEW,Package,
AM FS Alternative Modes Fare Structure MODEL,Package,
AM AR Access Rights and Sales Offer MODEL,Package,
"AM Payment, Retail and Distribution Information MODEL",Package,
AM FS Distance Matrix Element MODEL,Package,
,Constraint,exclusion
,Constraint,exclusion
,Note,"Service may be charged according to distance, time, or point to point. Also by time of use (FARE DEMAND FACTOR)."
,Text,
,Note,may be for Public Transport or for other services
AM Usage Parameters MODEL,Package,
,Text,
,Text,
AM Pooling Eligibility Usage Parameters MODEL,Package,
AM Rental Usage Parameters MODEL,Package,
,Text,
VEHICLE EQUIPMENT PROFILE,Class,"Each instantiation of this entity gives the number of items of one TYPE OF EQUIPMENT a VEHICLE MODEL should contain for a given PURPOSE OF EQUIPMENT PROFILE.
NOTE: The set of instantiations for one VEHICLE MODEL and one purpose gives one complete 'profile'."
,Text,
VEHICLE POOLER PROFILE,Class,A set of USER PARAMETERS required for a specific SINGLE JOURNEY of a VEHICLE POOLING SERVICE.
,Text,
,Text,
RENTAL OPTION,Class,A USAGE PARAMETER characterising access rights to RENTAL SERVICEs.
ADDITIONAL DRIVER OPTION,Class,"A specialisation of USAGE PARAMETER characterising additional driver access rights to a RENTAL SERVICE.
"
RENTAL PENALTY POLICY ,Class,"Policy regarding different aspects of hire charges, charges, for example refuelling, late vehicle return, loss of vehicle or equipment, traffic fines, etc. 
"
TYPE OF RENTAL PENALTY POLICY,Class,"A classification of a RENTAL PENALTY POLICY; action taken if user breaks rental agreement, e.g., fails to return vehicle. 
"
RENTAL VEHICLE FEATURE OPTION,Class,A specialisation of USAGE PARAMETER summarising vehicle features for a RENTAL SERVICE.
,Text,
DRIVER FEE BASIS,Class,"A classification of the charging basis for additional drivers, for example; free, per driver, unlimited drivers, etc 
"
,Note,"Different pricing models are possible
a) Flat per Journey
b) Point to Point
c) Distance based"
,Text,
,Text,Description of what access rights offer.
,Text,
Description of what is effectively purchased,Boundary,
                                       ,Boundary,
,Note,Registration is recorded through CUSTOMER PURCHASE PACKAGE
Description of Access Rights to Service,Boundary,
,Text,
Description of Payment Method and Equipment,Boundary,
,Text,
,Text,
AM Vehicle Service Registration MODEL,Package,
AM Vehicle Access Credentials MODEL,Package,
AM Individual Traveller MODEL,Package,
,Text,
,Note,"The ""travel matching"" algorithms have to consider these 2 information sets as well as the information regarding the transport offer
"
,Note,"The INDIVIDUAL TRAVELLER may play several roles
"
VEHICLE POOLING service offer and usage,Boundary,
Parameters determining service access rights: in case of carpooling these have to match with the parameters of the carpooling traveler's request,Boundary,
AM Individual Passenger and Driver MODEL,Package,
AM Passenger and Individual Driver Role MODEL,Package,
,Text,
VEHICLE POOLING DRIVER INFO,Class,Information characterising an INDIVIDUAL TRAVELLER as a driver of a VEHICLE POOLING SERVICE.
,Note,"Private driver doing carpooling, taxi driver, chauffeur"
INDIVIDUAL PASSENGER INFO,Class,"Information characterising an INDIVIDUAL TRAVELLER as a user of any MODE of transport, based on any MODE OF OPERATION.

"
INDIVIDUAL TRAVELLER,Class,Individual travelling person.
,Note,Values can be compared with VEHICLE POOLER PROFILE for offered service profile to see if they match
,Text,
USUAL DRIVING STYLE,Class,"Classification o driving style, e.g., relaxed, fast."
INDIVIDUAL DRIVER ROLE,Class,"The role of a user driving a vehicle and providing a travel service as a single individual (for example, in the context of car pooling)."
,Note,"Not in scope for NeTEx
"
,Text,
,Note,"The INDIVIDUAL TRAVELLER may play several roles
"
VEHICLE POOLING service offer and usage,Boundary,
,Text,
VEHICLE ACCESS ASSIGNMENT,Class,"The allocation of a MEDIUM ACCESS DEVICE to a specific VEHICLE, to allow the user (TRANSPORT CUSTOMER) to access the vehicle (typically for VEHICLE SHARING or VEHICLE RENTAL).
NOTE: This allocation may have validity limitations.
"
SERVICE ACCESS CODE,Class,"Code to access a service, can be numerical code, barcode, flashcode, etc."
,Text,
,Text,
,Text,
,Text,
TRAVELLER VALIDITY PARAMETER,Class,A type of VALIDITY PARAMETER related to the specific traveller.
AM Vehicle Availability Information MODEL,Package,
AM Vehicle Parking Area MODEL ,Package,
AM Service Availability Information VIEW,Package,
AM Vehicle Detecting VIEW,Package,
AM Infrastructure Access Information VIEW,Package,
AM Dynamic Vehicle Pooling MODEL,Package,
AM Booking Arrangements VIEW,Package,
,Text,
DYNAMIC VEHICLE MEETING POINT ASSIGNMENT,Class,Dynamic allocation of a VEHICLE MEETING ASSIGNMENT.
,Text,
PARKING AREA CAPACITY ASSIGNMENT,Class,"The allocation of a number of spots for a particular VEHICLE TYPE within a PARKING AREA.
"
cheracteristics of a PARKING inherited by VEHICLE SHARING PARKING AREA and VEHICLE POOLING PARKING AREA,Boundary,
,Text,
,Note,Coordinates of any spatial element related to the ALTERNATIVE MODE services
,Note,Address of any spatial element related to the ALTERNATIVE MODE services
Infrastructure Access description by ADDRESS,Boundary,
Infrastructure Access description by coordinates,Boundary,
,Note,"Real-time - Implement with SIRI, not NeTEx
"
MONITORED VEHICLE SERVICE PARKING BAY,Class,A spot in the PARKING AREA dedicated to VEHICLE SHARING or VEHICLE RENTING which is monitored for occupancy. 
PARKING BAY STATUS,Class,"A categorisation of the availability of the parking spot, such as being temporarily closed, unavailable, available.
"
PARKING RENTAL STATUS,Class,"A summary of the status of the parking at a given point on time.
"
PARKING BAY CONDITION,Class,"A record of the status of the parking bay at a given moment in time.
"
,Text,
,Text,
AM Mobility Service Frame MODEL,Package,
AM Mobility Journey Frame MODEL,Package,
,Text,
MOBILITY SERVICE FRAME,Class,A set of MOBILITY SERVICE data elements to which the same VALIDITY CONDITIONs have been assigned. 
,Text,
MOBILITY JOURNEY FRAME,Class,A set of MOBILITY JOURNEY data elements to which the same VALIDITY CONDITIONs have been assigned. 
AM Vehicle Service Event Model,Package,
AM Vehicle Pooling Logging MODEL,Package,
,Text,
AM Vehicle Use Logging MODEL,Package,
AM Vehicle Ride Logging MODEL,Package,
AM Vehicle Passenger Event MODEL,Package,
AM Vehicle Driver Event MODEL,Package,
AM Vehicle Driver Log Entry MODEL,Package,
AM Vehicle Passenger Log Entry MODEL,Package,
,Text,
POST JOURNEY WANTED EVENT,Class,A JOURNEY WANTED EVENT occurring when a customer posts the description of a trip they want to make 
ACCEPT JOURNEY OFFER EVENT,Class,A JOURNEY WANTED EVENT occurring when a customer accepts an offer of a journey that matches the description of a journey that they want to make.
CANCEL JOURNEY OFFER EVENT,Class,"A JOURNEY WANTED EVENT occurring when a customer cancels a previous acceptance of an offer.

"
HAIL VEHICLE EVENT,Class,"A VEHICLE WANTED EVENT occurring when a customer hails a taxi or other vehicle.
"
VEHICLE WANTED EVENT,Class,"An abstract VEHICLE SERVICE associated with a customer seeking an available taxi.
"
BOOK VEHICLE RIDE EVENT,Class,"A VEHICLE WANTED EVENT occurring when a customer books a ride.
"
,Text,
JOURNEY WANTED EVENT,Class,An abstract VEHICLE SERVICE EVENT relating to a JOURNEY OFFER.
,Text,
PUBLISH JOURNEY OFFER EVENT,Class,A JOURNEY OFFER EVENT occurring when a driver publishes a journey offer.
MODIFY JOURNEY OFFER EVENT,Class,"A JOURNEY OFFER EVENT occurring when a driver modifies a journey offer.

"
RETRACT JOURNEY OFFER EVENT,Class,"A JOURNEY OFFER EVENT occurring when a driver retracts a journey offer.

"
CANCEL RIDER BID EVENT,Class,"A JOURNEY OFFER EVENT occurring when a driver cancels a previous acceptance of a riders's bid to use his journey offer.

"
ACCEPT RIDER BID EVENT,Class,"A JOURNEY OFFER EVENT occurring when a driver accepts a riders's bid to use the driver's journey offer.

"
JOURNEY OFFER EVENT,Class,"An abstract VEHICLE SERVICE EVENT relating to a drivers provision of a JOURNEY OFFER.
"
,Text,
PUBLISH JOURNEY OFFER ENTRY,Class,A SINGLE JOURNEY ENTRY recording the posing of a journey wanted description.
MODIFY JOURNEY OFFER ENTRY,Class,"A SINGLE JOURNEY ENTRY recording the acceptance of an offered SINGLE JOURNEY.

"
RETRACT JOURNEY OFFER ENTRY,Class,"A SINGLE JOURNEY ENTRY recording the cancellation of an offered SINGLE JOURNEY.
"
CANCEL RIDER BID ENTRY,Class,"A VEHICLE POOLING ENTRY recording the hailing of a VEHICLE.
"
ACCEPT RIDER BID ENTRY,Class,"A VEHICLE POOLING ENTRY recording the successful hailing of a TAXI,

"
JOURNEY OFFER ENTRY,Class,An abstract VEHICLE SERVICE ENTRY recording use of a VEHICLE for a SINGLE JOURNEY.
,Text,
POST JOURNEY WANTED ENTRY,Class,A JOURNEY WANTED ENTRY recording the posing of a journey wanted description.
ACCEPT JOURNEY OFFER ENTRY,Class,"A JOURNEY WANTED ENTRY recording the acceptance of an offered SINGLE JOURNEY.
"
CANCEL JOURNEY OFFER ENTRY,Class,"A JOURNEY WANTED ENTRY recording the cancellation of an offered SINGLE JOURNEY.
"
HAIL VEHICLE RIDE ENTRY,Class,"A VEHICLE WANTED ENTRY recording the hailing of a VEHICLE.
"
VEHICLE WANTED ENTRY,Class,"An abstract VEHICLE SERVICE ENTRY recording how the customer obtained a vehicle.
"
BOOK VEHICLE RIDE ENTRY,Class,"A VEHICLE WANTED ENTRY when a customer books a taxi or other pooling service ride.
"
,Text,
JOURNEY WANTED ENTRY,Class,An abstract VEHICLE SERVICE ENTRY recording use of a VEHICLE for a SINGLE JOURNEY.
AM Vehicle Provision Event MODEL,Package,
AM Vehicle Use Event MODEL,Package,
AM Vehicle Provision Log Entry MODEL,Package,
AM Vehicle Use Log Entry MODEL,Package,
,Text,
,Text,
BOOK VEHICLE EVENT,Class,A VEHICLE USE EVENT occurring when a customer books a VEHICLE.
COLLECT VEHICLE EVENT,Class,"A VEHICLE USE EVENT occurring when a customer collects a VEHICLE.
"
RETURN VEHICLE EVENT,Class,"A VEHICLE USE EVENT occurring when a customer returns a VEHICLE.
"
LATE RETURN VEHICLE EVENT,Class,"A VEHICLE USE EVENT occurring when a customer returns a VEHICLE late.
"
REPORT TRAFFIC OFFENCE EVENT,Class,"A VEHICLE USE EVENT occurring when a traffic offence is reported against a VEHICLE.
"
,Text,
VEHICLE USE EVENT,Class,"An event associated with a VEHICLE USE by a customer.
"
REPORT DAMAGE TO VEHICLE EVENT,Class,"A VEHICLE USE EVENT occurring when a customer reports damage or loss of a VEHICLE.
"
RESERVE VEHICLE ENTRY,Class,A VEHICLE PROVISION ENTRY recording the booking of a VEHICLE.
REGISTER VEHICLE COLLECTION ENTRY,Class,"A VEHICLE PROVISION ENTRY recording the collecting of a VEHICLE.
"
REGISTER VEHICLE RETURN ENTRY,Class,"A VEHICLE PROVISION ENTRY recording the return of a VEHICLE.
"
WITHDRAW VEHICLE ENTRY,Class,"A VEHICLE PROVISION ENTRY recording the withdrawal of a VEHICLE as available.
"
VEHICLE PROVISION ENTRY,Class,"A VEHICLE SERVICE ENTRY recording some aspect of provision of a VEHICLE by an operator to a customer, e.g., reserving, check-out, return, etc.
"
DETECT NO RETURN ENTRY,Class,"A VEHICLE PROVISION ENTRY recording the failure to return a VEHICLE by a specified time.
"
DETECT DAMAGE TO VEHICLE ENTRY,Class,"A VEHICLE PROVISION ENTRY recording damage to a VEHICLE,
"
,Text,
PROVIDE VEHICLE ENTRY,Class,A VEHICLE PROVISION ENTRY recording the provision of a VEHICLE to a specified place.
,Text,
BOOK VEHICLE ENTRY,Class,A VEHICLE SHARING ENTRY recording the booking of a VEHICLE.
COLLECT VEHICLE ENTRY,Class,"A VEHICLE SHARING ENTRY recording the collecting of a VEHICLE.
"
RETURN VEHICLE ENTRY,Class,"A VEHICLE SHARING ENTRY recording the return of a VEHICLE.
"
REPORT TRAFFIC OFFENCE ENTRY,Class,"A VEHICLE SHARING ENTRY recording the report of a traffic offence by a VEHICLE.
"
,Text,
VEHICLE USE ENTRY,Class,An abstract VEHICLE SERVICE ENTRY recording use of a VEHICLE.
REPORT DAMAGE TO VEHICLE ENTRY,Class,"A VEHICLE SHARING ENTRY recording damage or loss of a VEHICLE.
.
"
WITHDRAW VEHICLE EVENT,Class,"A VEHICLE PROVISION EVENT occurring when a VEHICLE is withdrawn from being available.
"
,Text,
RESERVE VEHICLE EVENT,Class,A VEHICLE PROVISION EVENT occurring when a customer reserves a VEHICLE.
REGISTER VEHICLE COLLECTION EVENT,Class,"A VEHICLE PROVISION EVENT occurring when a customer is registered as collecting a VEHICLE.
"
REGISTER VEHICLE RETURN EVENT,Class,"A VEHICLE PROVISION EVENT occurring when a customer returns a VEHICLE.
"
DETECT NO RETURN EVENT,Class,"A VEHICLE PROVISION EVENT occurring when a customer fails to return a VEHICLE by an appointed time.
"
VEHICLE PROVISION EVENT,Class,"An event associated with some aspect of provision of a VEHICLE by an operator to a customer, e.g., reserving, check-out, return, etc.

"
DETECT DAMAGE TO VEHICLE EVENT,Class,"A VEHICLE PROVISION EVENT occurring when a damage to a VEHICLE is detected.
"
,Text,
PROVIDE VEHICLE EVENT,Class,A VEHICLE PROVISION EVENT when the operator provides a VEHICLE to a specified place.
,Text,
VEHICLE SERVICE EVENT,Class,"An abstract event associated with a VEHICLE SERVICE.
"
VEHICLE SERVICE ENTRY,Class,A LOG ENTRY recording information about a VEHICLE SERVICE.
AM Ride Provision Event MODEL,Package,
AM Ride Provision Log Entry MODEL,Package,
AM Riding Event MODEL,Package,
AM Riding Log Entry MODEL,Package,
TAXI METER EVENT,Class,"An event associated with a TAXI RIDE by a customer.
"
START METER EVENT,Class,"A TAXI RIDE EVENT occurring when a meter in a VEHICLE is started at the beginning of the ride.


"
PAUSE METER EVENT,Class,"A TAXI RIDE EVENT occurring when a meter in a VEHICLE is paused during the ride.
"
,Text,
STOP METER EVENT,Class,"A TAXI RIDE EVENT occurring when a meter in a VEHICLE is stopped at the end of the ride.
"
RIDE PROVISION EVENT,Class,"An abstract VEHICLE SERVICE ENTRY recording some aspect provision of ride.

"
BEGIN JOURNEY EVENT,Class,"A RIDE PROVISION EVENT occurring when the journey begins.


"
PICK UP RIDER EVENT,Class,"A RIDE PROVISION EVENT occurring when the rider is collected begins.



"
COMPLETE JOURNEY EVENT,Class,"A RIDE PROVISION EVENT occurring when the journey is completed.
"
SET DOWN RIDER EVENT,Class,"A RIDE PROVISION EVENT occurring when the rider is set down.
.


"
LOG DRIVERS FEEDBACK EVENT,Class,"A RIDE PROVISION EVENT occurring when the driver logs feedback about the passenger.


"
RIDER NO SHOW EVENT,Class,"A RIDE PROVISION EVENT occurring when the rider fails to show up at the appointed time.

"
ABORT JOURNEY EVENT,Class,"A RIDE PROVISION EVENT occurring when a journey is terminated early.

"
,Text,
TAXI METER ENTRY,Class,"An abstract VEHICLE SERVICE ENTRY recording use of a meter for a RIDE.
"
START METER ENTRY,Class,"A TAXI METER ENTRY recording when a meter in a VEHICLE is started at the beginning of the ride.
"
PAUSE METER ENTRY,Class,"TAXI METER ENTRY recording when a meter in a VEHICLE is paused during the ride.


"
STOP METER ENTRY,Class,"TAXI METER ENTRY recording when a meter in a VEHICLE is stopped at the end of the ride.


"
,Text,
RIDE PROVISION ENTRY,Class,"An abstract VEHICLE SERVICE ENTRY recording some aspect of providing a RIDE.
"
BEGIN JOURNEY ENTRY,Class,"A RIDE PROVISION ENTRY recording the start of a journey.
"
PICK UP RIDER ENTRY,Class,"A RIDE PROVISION ENTRY recording the pick-up of a passenger.

"
COMPLETE JOURNEY ENTRY,Class,"A RIDE PROVISION ENTRY recording the completion of a journey.
"
SET DOWN RIDER ENTRY,Class,"A RIDE PROVISION ENTRY recording the set down of a passenger.
"
LOG DRIVERS FEEDBACK ENTRY,Class,"A RIDE PROVISION ENTRY recording the entry of feedback about the passenger by the driver.

"
RIDER NO SHOW ENTRY,Class,"A RIDE PROVISION ENTRY recording the failure of a rider to turn up for a journey.

"
ABORT JOURNEY ENTRY,Class,"A RIDE PROVISION EVENT occurring when a journey is terminated early.
"
,Text,
LOG PASSENGERS FEEDBACK EVENT,Class,"A RIDING EVENT occurring when the rider logs feedback about the driver.


"
RIDING EVENT,Class,"An abstract event associated with making a ride with a VEHICLE SERVICE.

"
BEGIN RIDE EVENT,Class,"A RIDING EVENT occurring when the journey begins.


"
COMPLETE RIDE EVENT,Class,"A RIDING EVENT occurring when the journey is completed.
"
DRIVER NO SHOW EVENT,Class,"A RIDING EVENT when the driver fails to show up at the appointed time.

"
ABORT RIDE EVENT,Class,"A RIDING EVENT occurring when the ride is terminated early.

"
,Text,
LOG PASSENGERS FEEDBACK ENTRY,Class,"A RIDING ENTRY recording the entry of feedback by the rider about the driver.

"
RIDING ENTRY,Class,"An abstract VEHICLE SERVICE ENTRY recording some aspect of providing a RIDE.
"
BEGIN RIDE ENTRY,Class,"A RIDING ENTRY recording the start of a ride.
"
COMPLETE RIDE ENTRY,Class,"A RIDING ENTRY recording the completion of a ride.

"
DRIVER NO SHOW ENTRY,Class,"A RIDING ENTRY recording the failure of a driver to turn up to give a ride.

"
ABORT RIDE ENTRY,Class,"A RIDING ENTRY recording the early termination of a ride.

"
,Text,
